anio,departamento,tipo_vehiculo,cantidad_ev,kwh_promedio,potencia_carga,consumo_wh_km,anio_base,horizonte_anios,tipo_prediccion,cantidad_ev_pred_modelo_a,cantidad_ev_pred_modelo_b,cantidad_ev_pred_tendencia,cantidad_ev_pred,modelo_seleccionado,error_absoluto
2027,AMAZONAS,MOTOCICLETA,,2.4,4.2,31.0,2022,5,forecast_futuro,1.2533333333333334,1.7233333333333334,1.0,1.0,proyeccion_tendencial_grupo,
2027,ANTIOQUIA,AUTOMOVIL,,67.17567567567568,160.48378378378376,149.7027027027027,2022,5,forecast_futuro,109.05333333333333,103.03,148.07196029777333,148.0,proyeccion_tendencial_grupo,
2027,ANTIOQUIA,BUS,,297.8,299.7,1213.0,2022,5,forecast_futuro,55.986666666666665,73.36333333333333,8.82432432432961,9.0,proyeccion_tendencial_grupo,
2027,ANTIOQUIA,CAMION,,688.0875,599.3199999999999,1165.8,2022,5,forecast_futuro,75.52333333333333,85.48666666666666,141.80000000001382,142.0,proyeccion_tendencial_grupo,
2027,ANTIOQUIA,CAMIONETA,,682.2338235294118,558.8044117647058,1160.9117647058824,2022,5,forecast_futuro,111.52666666666667,99.63666666666667,132.59880239521226,133.0,proyeccion_tendencial_grupo,
2027,ANTIOQUIA,CUADRICICLO,,58.440000000000005,156.48888888888888,145.4,2022,5,forecast_futuro,119.87666666666667,109.92,249.19047619047342,249.0,proyeccion_tendencial_grupo,
2027,ANTIOQUIA,CUATRIMOTO,,2.5,2.5,38.0,2022,5,forecast_futuro,56.973333333333336,19.093333333333334,1.0,1.0,proyeccion_tendencial_grupo,
2027,ANTIOQUIA,MOTOCARRO,,4.7,3.2,36.0,2022,5,forecast_futuro,27.44333333333333,14.433333333333334,3.7619047619040487,4.0,proyeccion_tendencial_grupo,
2027,ANTIOQUIA,MOTOCICLETA,,3.3000000000000003,3.8,31.666666666666668,2022,5,forecast_futuro,35.053333333333335,34.21666666666667,8.934065934075988,9.0,proyeccion_tendencial_grupo,
2027,ANTIOQUIA,TRICIMOTO,,4.7,2.7,29.0,2022,5,forecast_futuro,28.22,13.533333333333333,1.333333333334164,1.0,proyeccion_tendencial_grupo,
2027,ARAUCA,MOTOCICLETA,,3.3000000000000003,3.233333333333333,35.666666666666664,2022,5,forecast_futuro,1.2533333333333334,1.74,3.0,3.0,proyeccion_tendencial_grupo,
2027,"ARCHIPIELAGO DE SAN ANDRES, PROVIDENCIA",AUTOMOVIL,,75.6,116.5,177.0,2022,5,forecast_futuro,3.22,3.21,1.0,1.0,proyeccion_tendencial_grupo,
2027,"ARCHIPIELAGO DE SAN ANDRES, PROVIDENCIA",CAMIONETA,,744.8333333333334,641.0,1106.6666666666667,2022,5,forecast_futuro,2.47,3.01,3.0,3.0,proyeccion_tendencial_grupo,
2027,ATLANTICO,AUTOMOVIL,,42.5,64.2,137.0,2022,5,forecast_futuro,3.3266666666666667,4.25,2.7227414330219517,3.0,proyeccion_tendencial_grupo,
2027,ATLANTICO,CAMIONETA,,686.5,572.6,1106.5,2022,5,forecast_futuro,4.42,3.283333333333333,0.0,0.0,proyeccion_tendencial_grupo,
2027,ATLANTICO,MOTOCARRO,,3.0666666666666664,3.4666666666666663,34.666666666666664,2022,5,forecast_futuro,7.523333333333333,11.286666666666667,3.0,3.0,proyeccion_tendencial_grupo,
2027,ATLANTICO,MOTOCICLETA,,4.6,2.3,37.0,2022,5,forecast_futuro,2.05,1.2166666666666666,0.9999999999999997,1.0,proyeccion_tendencial_grupo,
2027,ATLANTICO,TRICIMOTO,,5.0,2.6,32.0,2022,5,forecast_futuro,2.54,2.41,0.5714285714294078,1.0,proyeccion_tendencial_grupo,
2027,BOGOTA D.C.,AUTOMOVIL,,64.19907407407408,154.63425925925927,142.4351851851852,2022,5,forecast_futuro,219.79,223.41666666666666,323.1868131868032,323.0,proyeccion_tendencial_grupo,
2027,BOGOTA D.C.,BUS,,347.5259927797834,261.82960288808664,1151.1624548736463,2022,5,forecast_futuro,152.05333333333334,234.83333333333334,612.7968750000437,613.0,proyeccion_tendencial_grupo,
2027,BOGOTA D.C.,CAMIONETA,,715.7865853658536,586.7682926829268,1167.939024390244,2022,5,forecast_futuro,110.60333333333334,121.48,117.9618593563755,118.0,proyeccion_tendencial_grupo,
2027,BOGOTA D.C.,CUADRICICLO,,63.022222222222226,134.17777777777778,144.05555555555554,2022,5,forecast_futuro,70.89666666666666,118.44333333333333,57.66666666666606,58.0,proyeccion_tendencial_grupo,
2027,BOGOTA D.C.,MOTOCARRO,,3.65,3.4000000000000004,28.5,2022,5,forecast_futuro,22.0,16.893333333333334,1.6935483870967687,2.0,proyeccion_tendencial_grupo,
2027,BOGOTA D.C.,MOTOCICLETA,,4.15,3.275,31.75,2022,5,forecast_futuro,39.72666666666667,37.473333333333336,0.0,0.0,proyeccion_tendencial_grupo,
2027,BOGOTA D.C.,MOTOTRICICLO,,4.800000000000001,3.65,28.5,2022,5,forecast_futuro,39.28333333333333,18.643333333333334,2.999999999999943,3.0,proyeccion_tendencial_grupo,
2027,BOGOTA D.C.,TRICIMOTO,,2.975,3.675,30.0,2022,5,forecast_futuro,29.63,15.306666666666667,12.999999999998636,13.0,proyeccion_tendencial_grupo,
2027,BOLIVAR,AUTOMOVIL,,56.74444444444444,165.64444444444445,145.44444444444446,2022,5,forecast_futuro,6.673333333333333,7.163333333333333,12.230769230769056,12.0,proyeccion_tendencial_grupo,
2027,BOLIVAR,BUS,,271.56666666666666,303.3,1168.0,2022,5,forecast_futuro,4.71,6.48,3.0,3.0,proyeccion_tendencial_grupo,
2027,BOLIVAR,CAMIONETA,,590.55,505.55,1407.5,2022,5,forecast_futuro,1.7833333333333334,2.763333333333333,7.000000000003638,7.0,proyeccion_tendencial_grupo,
2027,BOLIVAR,CUADRICICLO,,66.7,115.66666666666669,152.0,2022,5,forecast_futuro,2.5433333333333334,4.153333333333333,3.0,3.0,proyeccion_tendencial_grupo,
2027,BOLIVAR,MOTOCICLETA,,2.1,4.0,26.0,2022,5,forecast_futuro,1.8733333333333333,2.2733333333333334,0.0,0.0,proyeccion_tendencial_grupo,
2027,BOLIVAR,TRICIMOTO,,4.1,3.4,29.0,2022,5,forecast_futuro,1.6266666666666667,2.3,0.9999999999999994,1.0,proyeccion_tendencial_grupo,
2027,BOYACA,AUTOMOVIL,,55.3,230.6,123.0,2022,5,forecast_futuro,3.19,3.5233333333333334,1.0000000000000002,1.0,proyeccion_tendencial_grupo,
2027,BOYACA,CAMIONETA,,743.4,699.7,1339.0,2022,5,forecast_futuro,1.7533333333333334,3.32,1.0,1.0,proyeccion_tendencial_grupo,
2027,BOYACA,CUADRICICLO,,64.05000000000001,215.8,155.5,2022,5,forecast_futuro,1.99,2.7066666666666666,2.0,2.0,proyeccion_tendencial_grupo,
2027,BOYACA,TRICIMOTO,,3.55,3.25,33.5,2022,5,forecast_futuro,1.66,3.82,2.0,2.0,proyeccion_tendencial_grupo,
2027,CALDAS,AUTOMOVIL,,66.42,151.44,148.4,2022,5,forecast_futuro,4.36,5.263333333333334,1.4210526315791867,1.0,proyeccion_tendencial_grupo,
2027,CALDAS,BUS,,331.9,222.4,1276.0,2022,5,forecast_futuro,4.45,5.343333333333334,1.0,1.0,proyeccion_tendencial_grupo,
2027,CALDAS,CAMIONETA,,653.0,460.8,956.0,2022,5,forecast_futuro,1.9733333333333334,1.68,0.0,0.0,proyeccion_tendencial_grupo,
2027,CALDAS,CUADRICICLO,,68.225,119.975,148.75,2022,5,forecast_futuro,3.1433333333333335,3.6666666666666665,8.5,8.0,proyeccion_tendencial_grupo,
2027,CALDAS,MOTOCICLETA,,3.25,3.55,33.5,2022,5,forecast_futuro,2.16,3.51,2.384615384616211,2.0,proyeccion_tendencial_grupo,
2027,CALDAS,TRICIMOTO,,2.3,3.2,36.0,2022,5,forecast_futuro,1.8333333333333333,1.2966666666666666,1.0,1.0,proyeccion_tendencial_grupo,
2027,CAQUETA,MOTOCICLETA,,3.5,3.685714285714286,33.42857142857143,2022,5,forecast_futuro,1.47,4.48,32.285714285713766,32.0,proyeccion_tendencial_grupo,
2027,CASANARE,AUTOMOVIL,,71.05,189.15,136.5,2022,5,forecast_futuro,2.6666666666666665,3.223333333333333,2.0,2.0,proyeccion_tendencial_grupo,
2027,CASANARE,MOTOCICLETA,,4.6,2.9,30.0,2022,5,forecast_futuro,1.2666666666666666,1.4333333333333333,0.0,0.0,proyeccion_tendencial_grupo,
2027,CASANARE,TRICIMOTO,,4.8,4.0,35.0,2022,5,forecast_futuro,1.1633333333333333,1.48,1.0,1.0,proyeccion_tendencial_grupo,
2027,CAUCA,AUTOMOVIL,,65.7,164.4,129.0,2022,5,forecast_futuro,3.1666666666666665,4.903333333333333,1.0,1.0,proyeccion_tendencial_grupo,
2027,CAUCA,CAMIONETA,,673.8846153846154,578.4769230769231,1148.3076923076924,2022,5,forecast_futuro,1.42,3.34,33.57142857142571,34.0,proyeccion_tendencial_grupo,
2027,CAUCA,CUADRICICLO,,48.0,191.2,121.0,2022,5,forecast_futuro,1.6866666666666668,2.03,1.0,1.0,proyeccion_tendencial_grupo,
2027,CAUCA,MOTOCICLETA,,2.7,4.8,33.0,2022,5,forecast_futuro,1.2233333333333334,1.57,0.0,0.0,proyeccion_tendencial_grupo,
2027,CAUCA,TRICIMOTO,,4.8,2.4,35.0,2022,5,forecast_futuro,1.0833333333333333,1.0433333333333332,1.0,1.0,proyeccion_tendencial_grupo,
2027,CESAR,MOTOCICLETA,,3.75,4.4,36.0,2022,5,forecast_futuro,1.34,1.8533333333333333,2.0,2.0,proyeccion_tendencial_grupo,
2027,CHOCO,MOTOCICLETA,,3.65,4.4,34.5,2022,5,forecast_futuro,1.2633333333333334,1.7766666666666666,0.0,0.0,proyeccion_tendencial_grupo,
2027,CORDOBA,BUS,,329.0,291.47499999999997,1084.0833333333333,2022,5,forecast_futuro,7.206666666666667,7.553333333333334,12.0,12.0,proyeccion_tendencial_grupo,
2027,CORDOBA,MOTOCICLETA,,4.1,4.9,28.0,2022,5,forecast_futuro,1.9233333333333333,2.1233333333333335,0.0,0.0,proyeccion_tendencial_grupo,
2027,CORDOBA,TRICIMOTO,,4.0,3.8,37.0,2022,5,forecast_futuro,2.183333333333333,1.9966666666666666,1.0,1.0,proyeccion_tendencial_grupo,
2027,CUNDINAMARCA,AUTOMOVIL,,58.766666666666666,143.7133333333333,143.73333333333332,2022,5,forecast_futuro,43.76,30.726666666666667,62.84523809524035,63.0,proyeccion_tendencial_grupo,
2027,CUNDINAMARCA,BUS,,348.2,310.2,1087.0,2022,5,forecast_futuro,15.18,29.94,1.0,1.0,proyeccion_tendencial_grupo,
2027,CUNDINAMARCA,CAMION,,618.15,630.0,1222.0,2022,5,forecast_futuro,29.046666666666667,34.43,0.0,0.0,proyeccion_tendencial_grupo,
2027,CUNDINAMARCA,CAMIONETA,,665.7962962962963,533.6740740740742,1139.037037037037,2022,5,forecast_futuro,50.18,40.156666666666666,42.34591194969107,42.0,proyeccion_tendencial_grupo,
2027,CUNDINAMARCA,CUADRICICLO,,61.3,221.1,149.0,2022,5,forecast_futuro,20.623333333333335,23.026666666666667,21.76190476190368,22.0,proyeccion_tendencial_grupo,
2027,CUNDINAMARCA,CUATRIMOTO,,3.6,4.7,37.0,2022,5,forecast_futuro,15.72,14.943333333333333,1.0,1.0,proyeccion_tendencial_grupo,
2027,CUNDINAMARCA,MICROBUS,,381.4,231.75,1084.0,2022,5,forecast_futuro,15.72,29.236666666666668,2.0,2.0,proyeccion_tendencial_grupo,
2027,CUNDINAMARCA,MOTOCARRO,,3.266666666666667,3.3000000000000003,33.0,2022,5,forecast_futuro,66.87,54.49,0.0,0.0,proyeccion_tendencial_grupo,
2027,CUNDINAMARCA,MOTOCICLETA,,3.7,2.8,32.0,2022,5,forecast_futuro,11.21,9.473333333333333,4.735015772870668,5.0,proyeccion_tendencial_grupo,
2027,CUNDINAMARCA,MOTOTRICICLO,,3.142857142857143,4.128571428571428,32.0,2022,5,forecast_futuro,12.03,11.036666666666667,25.000000000004547,25.0,proyeccion_tendencial_grupo,
2027,CUNDINAMARCA,TRACTOCAMION,,836.6,528.6,1047.0,2022,5,forecast_futuro,15.72,35.876666666666665,1.0,1.0,proyeccion_tendencial_grupo,
2027,CUNDINAMARCA,TRICIMOTO,,4.5,2.8,36.0,2022,5,forecast_futuro,11.62,12.446666666666667,3.357142857143401,3.0,proyeccion_tendencial_grupo,
2027,GUAINIA,TRICIMOTO,,3.65,3.75,34.5,2022,5,forecast_futuro,1.6666666666666667,2.2533333333333334,2.0,2.0,proyeccion_tendencial_grupo,
2027,HUILA,AUTOMOVIL,,45.55,117.8,152.0,2022,5,forecast_futuro,2.6766666666666667,3.3033333333333332,2.4677419354835735,2.0,proyeccion_tendencial_grupo,
2027,HUILA,CAMIONETA,,675.9,431.6,948.0,2022,5,forecast_futuro,1.3333333333333333,1.5733333333333333,1.0,1.0,proyeccion_tendencial_grupo,
2027,HUILA,CUADRICICLO,,51.5,201.1,157.0,2022,5,forecast_futuro,1.41,1.6566666666666667,1.0,1.0,proyeccion_tendencial_grupo,
2027,HUILA,MOTOCARRO,,4.0,3.3,33.0,2022,5,forecast_futuro,5.573333333333333,8.073333333333334,1.0,1.0,proyeccion_tendencial_grupo,
2027,HUILA,MOTOCICLETA,,4.2,2.7,40.0,2022,5,forecast_futuro,1.22,1.13,0.0,0.0,proyeccion_tendencial_grupo,
2027,HUILA,TRICIMOTO,,2.6,3.8,37.0,2022,5,forecast_futuro,1.0466666666666666,1.7733333333333334,0.9999999999999999,1.0,proyeccion_tendencial_grupo,
2027,MAGDALENA,AUTOMOVIL,,42.2,218.7,150.0,2022,5,forecast_futuro,3.1666666666666665,2.4466666666666668,1.0,1.0,proyeccion_tendencial_grupo,
2027,MAGDALENA,MOTOCICLETA,,4.3,4.4,28.0,2022,5,forecast_futuro,1.2233333333333334,1.7533333333333334,1.0,1.0,proyeccion_tendencial_grupo,
2027,MAGDALENA,TRICIMOTO,,4.8,5.0,35.0,2022,5,forecast_futuro,1.0866666666666667,1.31,1.0,1.0,proyeccion_tendencial_grupo,
2027,META,AUTOMOVIL,,65.97857142857143,139.45000000000002,141.64285714285714,2022,5,forecast_futuro,10.096666666666666,10.773333333333333,23.214285714283506,23.0,proyeccion_tendencial_grupo,
2027,META,CAMIONETA,,659.3,463.8,1099.0,2022,5,forecast_futuro,3.53,2.63,0.9999999999999996,1.0,proyeccion_tendencial_grupo,
2027,META,CUADRICICLO,,43.4,201.3,159.0,2022,5,forecast_futuro,4.73,3.1566666666666667,1.0,1.0,proyeccion_tendencial_grupo,
2027,META,MOTOCARRO,,4.2,3.3,33.0,2022,5,forecast_futuro,8.586666666666666,9.176666666666666,1.0,1.0,proyeccion_tendencial_grupo,
2027,META,MOTOCICLETA,,2.8,2.3,39.0,2022,5,forecast_futuro,4.3933333333333335,2.3866666666666667,2.392857142857366,2.0,proyeccion_tendencial_grupo,
2027,NARINO,CAMIONETA,,672.85,624.4,1079.5,2022,5,forecast_futuro,1.8933333333333333,1.9466666666666668,2.0,2.0,proyeccion_tendencial_grupo,
2027,NARINO,MOTOCICLETA,,3.5,2.2,35.0,2022,5,forecast_futuro,1.6,2.0833333333333335,1.0,1.0,proyeccion_tendencial_grupo,
2027,NORTE DE SANTANDER,AUTOMOVIL,,52.0,229.5,169.0,2022,5,forecast_futuro,3.88,3.0233333333333334,3.2499999999998295,3.0,proyeccion_tendencial_grupo,
2027,NORTE DE SANTANDER,CAMIONETA,,658.3571428571429,674.6428571428571,1131.857142857143,2022,5,forecast_futuro,4.86,5.223333333333334,19.000000000002274,19.0,proyeccion_tendencial_grupo,
2027,NORTE DE SANTANDER,CUADRICICLO,,54.25,104.8,150.0,2022,5,forecast_futuro,2.53,2.48,2.0,2.0,proyeccion_tendencial_grupo,
2027,NORTE DE SANTANDER,MOTOCICLETA,,4.8,3.3,31.0,2022,5,forecast_futuro,2.5533333333333332,1.79,0.0,0.0,proyeccion_tendencial_grupo,
2027,NORTE DE SANTANDER,TRICIMOTO,,2.2,3.4,26.0,2022,5,forecast_futuro,1.71,1.9666666666666666,1.0,1.0,proyeccion_tendencial_grupo,
2027,QUINDIO,AUTOMOVIL,,60.5,54.4,177.0,2022,5,forecast_futuro,3.1933333333333334,3.98,0.06000000000011596,0.0,proyeccion_tendencial_grupo,
2027,QUINDIO,CAMIONETA,,724.5,442.4,1347.0,2022,5,forecast_futuro,1.4533333333333334,3.473333333333333,1.0,1.0,proyeccion_tendencial_grupo,
2027,QUINDIO,CUADRICICLO,,60.2,131.26666666666668,145.33333333333334,2022,5,forecast_futuro,1.9133333333333333,4.153333333333333,16.99999999999727,17.0,proyeccion_tendencial_grupo,
2027,RISARALDA,AUTOMOVIL,,63.3,191.5,139.0,2022,5,forecast_futuro,3.683333333333333,4.823333333333333,1.5890410958903516,2.0,proyeccion_tendencial_grupo,
2027,RISARALDA,CAMIONETA,,842.7,544.1,1195.0,2022,5,forecast_futuro,1.36,4.753333333333333,0.9999999999999999,1.0,proyeccion_tendencial_grupo,
2027,RISARALDA,CUADRICICLO,,57.75,155.9,151.0,2022,5,forecast_futuro,2.0033333333333334,2.84,2.307692307692321,2.0,proyeccion_tendencial_grupo,
2027,RISARALDA,MOTOCICLETA,,4.3,2.35,32.5,2022,5,forecast_futuro,1.5666666666666667,2.3666666666666667,0.8643617021274395,1.0,proyeccion_tendencial_grupo,
2027,SANTANDER,AUTOMOVIL,,42.9,161.9,177.0,2022,5,forecast_futuro,21.366666666666667,16.043333333333333,18.210144927535566,18.0,proyeccion_tendencial_grupo,
2027,SANTANDER,CAMION,,825.0,594.7,933.0,2022,5,forecast_futuro,4.8533333333333335,6.123333333333333,0.9999999999999996,1.0,proyeccion_tendencial_grupo,
2027,SANTANDER,CAMIONETA,,677.5736842105263,553.4421052631578,1125.4736842105262,2022,5,forecast_futuro,9.283333333333333,8.293333333333333,45.07142857143299,45.0,proyeccion_tendencial_grupo,
2027,SANTANDER,CUADRICICLO,,71.9,124.5,131.0,2022,5,forecast_futuro,10.286666666666667,13.073333333333334,8.0,8.0,proyeccion_tendencial_grupo,
2027,SANTANDER,MICROBUS,,314.09999999999997,234.76666666666665,1154.0,2022,5,forecast_futuro,9.54,9.196666666666667,3.0,3.0,proyeccion_tendencial_grupo,
2027,SANTANDER,MOTOCICLETA,,3.6666666666666665,2.533333333333333,34.666666666666664,2022,5,forecast_futuro,13.06,13.413333333333334,62.78571428571286,63.0,proyeccion_tendencial_grupo,
2027,SANTANDER,TRICIMOTO,,3.0,3.4,26.0,2022,5,forecast_futuro,9.236666666666666,10.883333333333333,1.0000000000000004,1.0,proyeccion_tendencial_grupo,
2027,TOLIMA,AUTOMOVIL,,53.1,188.0,111.0,2022,5,forecast_futuro,3.1633333333333336,3.2533333333333334,0.0,0.0,proyeccion_tendencial_grupo,
2027,TOLIMA,CAMIONETA,,778.3,710.2,1196.0,2022,5,forecast_futuro,1.4533333333333334,3.7533333333333334,1.0,1.0,proyeccion_tendencial_grupo,
2027,TOLIMA,MOTOCICLETA,,3.466666666666667,3.8,34.333333333333336,2022,5,forecast_futuro,1.2933333333333332,2.67,3.0,3.0,proyeccion_tendencial_grupo,
2027,VALLE DEL CAUCA,AUTOMOVIL,,61.65,73.1,112.0,2022,5,forecast_futuro,13.576666666666666,13.433333333333334,10.437917222964188,10.0,proyeccion_tendencial_grupo,
2027,VALLE DEL CAUCA,BUS,,306.4,262.7,1122.0,2022,5,forecast_futuro,5.16,9.526666666666667,0.0,0.0,proyeccion_tendencial_grupo,
2027,VALLE DEL CAUCA,CAMION,,640.3,654.3,1105.0,2022,5,forecast_futuro,2.84,4.23,0.0,0.0,proyeccion_tendencial_grupo,
2027,VALLE DEL CAUCA,CAMIONETA,,685.1142857142858,613.5857142857143,1105.571428571429,2022,5,forecast_futuro,10.5,8.066666666666666,11.096812278630296,11.0,proyeccion_tendencial_grupo,
2027,VALLE DEL CAUCA,CUADRICICLO,,61.85,139.85,144.5,2022,5,forecast_futuro,5.9,8.363333333333333,10.33333333333303,10.0,proyeccion_tendencial_grupo,
2027,VALLE DEL CAUCA,CUATRIMOTO,,3.7,2.0,32.0,2022,5,forecast_futuro,3.763333333333333,9.693333333333333,1.0,1.0,proyeccion_tendencial_grupo,
2027,VALLE DEL CAUCA,MICROBUS,,307.3,323.7,1151.0,2022,5,forecast_futuro,2.6,3.486666666666667,1.0,1.0,proyeccion_tendencial_grupo,
2027,VALLE DEL CAUCA,MOTOCARRO,,3.7,3.1,31.0,2022,5,forecast_futuro,9.086666666666666,14.373333333333333,7.25,7.0,proyeccion_tendencial_grupo,
2027,VALLE DEL CAUCA,MOTOCICLETA,,2.1,2.5,29.0,2022,5,forecast_futuro,2.5766666666666667,7.246666666666667,0.16363636363576006,0.0,proyeccion_tendencial_grupo,
2027,VALLE DEL CAUCA,MOTOTRICICLO,,2.1,4.9,35.0,2022,5,forecast_futuro,2.513333333333333,4.36,0.9999999999999997,1.0,proyeccion_tendencial_grupo,
2027,VALLE DEL CAUCA,TRICIMOTO,,2.55,3.275,29.0,2022,5,forecast_futuro,38.236666666666665,19.373333333333335,22.2000000000142,22.0,proyeccion_tendencial_grupo,
2032,AMAZONAS,MOTOCICLETA,,2.4,4.2,31.0,2022,10,forecast_futuro,1.2533333333333334,1.7233333333333334,1.0,1.0,proyeccion_tendencial_grupo,
2032,ANTIOQUIA,AUTOMOVIL,,67.17567567567568,160.48378378378376,149.7027027027027,2022,10,forecast_futuro,109.05333333333333,103.03,191.4921422663465,191.0,proyeccion_tendencial_grupo,
2032,ANTIOQUIA,BUS,,297.8,299.7,1213.0,2022,10,forecast_futuro,55.986666666666665,73.36333333333333,5.378378378386742,5.0,proyeccion_tendencial_grupo,
2032,ANTIOQUIA,CAMION,,688.0875,599.3199999999999,1165.8,2022,10,forecast_futuro,75.52333333333333,85.48666666666666,213.80000000003565,214.0,proyeccion_tendencial_grupo,
2032,ANTIOQUIA,CAMIONETA,,682.2338235294118,558.8044117647058,1160.9117647058824,2022,10,forecast_futuro,111.52666666666667,99.63666666666667,180.98203592814752,181.0,proyeccion_tendencial_grupo,
2032,ANTIOQUIA,CUADRICICLO,,58.440000000000005,156.48888888888888,145.4,2022,10,forecast_futuro,119.87666666666667,109.92,358.7619047618937,359.0,proyeccion_tendencial_grupo,
2032,ANTIOQUIA,CUATRIMOTO,,2.5,2.5,38.0,2022,10,forecast_futuro,56.973333333333336,19.093333333333334,1.0,1.0,proyeccion_tendencial_grupo,
2032,ANTIOQUIA,MOTOCARRO,,4.7,3.2,36.0,2022,10,forecast_futuro,27.44333333333333,14.433333333333334,4.047619047617829,4.0,proyeccion_tendencial_grupo,
2032,ANTIOQUIA,MOTOCICLETA,,3.3000000000000003,3.8,31.666666666666668,2022,10,forecast_futuro,35.053333333333335,34.21666666666667,0.0,0.0,proyeccion_tendencial_grupo,
2032,ANTIOQUIA,TRICIMOTO,,4.7,2.7,29.0,2022,10,forecast_futuro,28.22,13.533333333333333,1.3333333333347577,1.0,proyeccion_tendencial_grupo,
2032,ARAUCA,MOTOCICLETA,,3.3000000000000003,3.233333333333333,35.666666666666664,2022,10,forecast_futuro,1.2533333333333334,1.74,3.0,3.0,proyeccion_tendencial_grupo,
2032,"ARCHIPIELAGO DE SAN ANDRES, PROVIDENCIA",AUTOMOVIL,,75.6,116.5,177.0,2022,10,forecast_futuro,3.22,3.21,1.0,1.0,proyeccion_tendencial_grupo,
2032,"ARCHIPIELAGO DE SAN ANDRES, PROVIDENCIA",CAMIONETA,,744.8333333333334,641.0,1106.6666666666667,2022,10,forecast_futuro,2.47,3.01,3.0,3.0,proyeccion_tendencial_grupo,
2032,ATLANTICO,AUTOMOVIL,,42.5,64.2,137.0,2022,10,forecast_futuro,3.3266666666666667,4.25,3.049844236760322,3.0,proyeccion_tendencial_grupo,
2032,ATLANTICO,CAMIONETA,,686.5,572.6,1106.5,2022,10,forecast_futuro,4.42,3.283333333333333,0.0,0.0,proyeccion_tendencial_grupo,
2032,ATLANTICO,MOTOCARRO,,3.0666666666666664,3.4666666666666663,34.666666666666664,2022,10,forecast_futuro,7.523333333333333,11.286666666666667,3.0,3.0,proyeccion_tendencial_grupo,
2032,ATLANTICO,MOTOCICLETA,,4.6,2.3,37.0,2022,10,forecast_futuro,2.05,1.2166666666666666,0.9999999999999993,1.0,proyeccion_tendencial_grupo,
2032,ATLANTICO,TRICIMOTO,,5.0,2.6,32.0,2022,10,forecast_futuro,2.54,2.41,0.0,0.0,proyeccion_tendencial_grupo,
2032,BOGOTA D.C.,AUTOMOVIL,,64.19907407407408,154.63425925925927,142.4351851851852,2022,10,forecast_futuro,219.79,223.41666666666666,422.36263736261753,422.0,proyeccion_tendencial_grupo,
2032,BOGOTA D.C.,BUS,,347.5259927797834,261.82960288808664,1151.1624548736463,2022,10,forecast_futuro,152.05333333333334,234.83333333333334,869.9062500000728,870.0,proyeccion_tendencial_grupo,
2032,BOGOTA D.C.,CAMIONETA,,715.7865853658536,586.7682926829268,1167.939024390244,2022,10,forecast_futuro,110.60333333333334,121.48,159.4785458879487,159.0,proyeccion_tendencial_grupo,
2032,BOGOTA D.C.,CUADRICICLO,,63.022222222222226,134.17777777777778,144.05555555555554,2022,10,forecast_futuro,70.89666666666666,118.44333333333333,63.66666666666515,64.0,proyeccion_tendencial_grupo,
2032,BOGOTA D.C.,MOTOCARRO,,3.65,3.4000000000000004,28.5,2022,10,forecast_futuro,22.0,16.893333333333334,1.9354838709677153,2.0,proyeccion_tendencial_grupo,
2032,BOGOTA D.C.,MOTOCICLETA,,4.15,3.275,31.75,2022,10,forecast_futuro,39.72666666666667,37.473333333333336,0.0,0.0,proyeccion_tendencial_grupo,
2032,BOGOTA D.C.,MOTOTRICICLO,,4.800000000000001,3.65,28.5,2022,10,forecast_futuro,39.28333333333333,18.643333333333334,3.7142857142856656,4.0,proyeccion_tendencial_grupo,
2032,BOGOTA D.C.,TRICIMOTO,,2.975,3.675,30.0,2022,10,forecast_futuro,29.63,15.306666666666667,20.499999999996817,20.0,proyeccion_tendencial_grupo,
2032,BOLIVAR,AUTOMOVIL,,56.74444444444444,165.64444444444445,145.44444444444446,2022,10,forecast_futuro,6.673333333333333,7.163333333333333,15.47252747252719,15.0,proyeccion_tendencial_grupo,
2032,BOLIVAR,BUS,,271.56666666666666,303.3,1168.0,2022,10,forecast_futuro,4.71,6.48,3.0,3.0,proyeccion_tendencial_grupo,
2032,BOLIVAR,CAMIONETA,,590.55,505.55,1407.5,2022,10,forecast_futuro,1.7833333333333334,2.763333333333333,12.000000000007049,12.0,proyeccion_tendencial_grupo,
2032,BOLIVAR,CUADRICICLO,,66.7,115.66666666666669,152.0,2022,10,forecast_futuro,2.5433333333333334,4.153333333333333,3.0,3.0,proyeccion_tendencial_grupo,
2032,BOLIVAR,MOTOCICLETA,,2.1,4.0,26.0,2022,10,forecast_futuro,1.8733333333333333,2.2733333333333334,0.0,0.0,proyeccion_tendencial_grupo,
2032,BOLIVAR,TRICIMOTO,,4.1,3.4,29.0,2022,10,forecast_futuro,1.6266666666666667,2.3,0.9999999999999997,1.0,proyeccion_tendencial_grupo,
2032,BOYACA,AUTOMOVIL,,55.3,230.6,123.0,2022,10,forecast_futuro,3.19,3.5233333333333334,1.0000000000000002,1.0,proyeccion_tendencial_grupo,
2032,BOYACA,CAMIONETA,,743.4,699.7,1339.0,2022,10,forecast_futuro,1.7533333333333334,3.32,1.0,1.0,proyeccion_tendencial_grupo,
2032,BOYACA,CUADRICICLO,,64.05000000000001,215.8,155.5,2022,10,forecast_futuro,1.99,2.7066666666666666,2.0,2.0,proyeccion_tendencial_grupo,
2032,BOYACA,TRICIMOTO,,3.55,3.25,33.5,2022,10,forecast_futuro,1.66,3.82,2.0,2.0,proyeccion_tendencial_grupo,
2032,CALDAS,AUTOMOVIL,,66.42,151.44,148.4,2022,10,forecast_futuro,4.36,5.263333333333334,0.2368421052634062,0.0,proyeccion_tendencial_grupo,
2032,CALDAS,BUS,,331.9,222.4,1276.0,2022,10,forecast_futuro,4.45,5.343333333333334,1.0,1.0,proyeccion_tendencial_grupo,
2032,CALDAS,CAMIONETA,,653.0,460.8,956.0,2022,10,forecast_futuro,1.9733333333333334,1.68,0.0,0.0,proyeccion_tendencial_grupo,
2032,CALDAS,CUADRICICLO,,68.225,119.975,148.75,2022,10,forecast_futuro,3.1433333333333335,3.6666666666666665,12.5,12.0,proyeccion_tendencial_grupo,
2032,CALDAS,MOTOCICLETA,,3.25,3.55,33.5,2022,10,forecast_futuro,2.16,3.51,2.7692307692321094,3.0,proyeccion_tendencial_grupo,
2032,CALDAS,TRICIMOTO,,2.3,3.2,36.0,2022,10,forecast_futuro,1.8333333333333333,1.2966666666666666,1.0,1.0,proyeccion_tendencial_grupo,
2032,CAQUETA,MOTOCICLETA,,3.5,3.685714285714286,33.42857142857143,2022,10,forecast_futuro,1.47,4.48,42.99999999999909,43.0,proyeccion_tendencial_grupo,
2032,CASANARE,AUTOMOVIL,,71.05,189.15,136.5,2022,10,forecast_futuro,2.6666666666666665,3.223333333333333,2.0,2.0,proyeccion_tendencial_grupo,
2032,CASANARE,MOTOCICLETA,,4.6,2.9,30.0,2022,10,forecast_futuro,1.2666666666666666,1.4333333333333333,0.0,0.0,proyeccion_tendencial_grupo,
2032,CASANARE,TRICIMOTO,,4.8,4.0,35.0,2022,10,forecast_futuro,1.1633333333333333,1.48,1.0,1.0,proyeccion_tendencial_grupo,
2032,CAUCA,AUTOMOVIL,,65.7,164.4,129.0,2022,10,forecast_futuro,3.1666666666666665,4.903333333333333,1.0,1.0,proyeccion_tendencial_grupo,
2032,CAUCA,CAMIONETA,,673.8846153846154,578.4769230769231,1148.3076923076924,2022,10,forecast_futuro,1.42,3.34,54.999999999990905,55.0,proyeccion_tendencial_grupo,
2032,CAUCA,CUADRICICLO,,48.0,191.2,121.0,2022,10,forecast_futuro,1.6866666666666668,2.03,1.0,1.0,proyeccion_tendencial_grupo,
2032,CAUCA,MOTOCICLETA,,2.7,4.8,33.0,2022,10,forecast_futuro,1.2233333333333334,1.57,0.0,0.0,proyeccion_tendencial_grupo,
2032,CAUCA,TRICIMOTO,,4.8,2.4,35.0,2022,10,forecast_futuro,1.0833333333333333,1.0433333333333332,1.0,1.0,proyeccion_tendencial_grupo,
2032,CESAR,MOTOCICLETA,,3.75,4.4,36.0,2022,10,forecast_futuro,1.34,1.8533333333333333,2.0,2.0,proyeccion_tendencial_grupo,
2032,CHOCO,MOTOCICLETA,,3.65,4.4,34.5,2022,10,forecast_futuro,1.2633333333333334,1.7766666666666666,0.0,0.0,proyeccion_tendencial_grupo,
2032,CORDOBA,BUS,,329.0,291.47499999999997,1084.0833333333333,2022,10,forecast_futuro,7.206666666666667,7.553333333333334,12.0,12.0,proyeccion_tendencial_grupo,
2032,CORDOBA,MOTOCICLETA,,4.1,4.9,28.0,2022,10,forecast_futuro,1.9233333333333333,2.1233333333333335,0.0,0.0,proyeccion_tendencial_grupo,
2032,CORDOBA,TRICIMOTO,,4.0,3.8,37.0,2022,10,forecast_futuro,2.183333333333333,1.9966666666666666,1.0,1.0,proyeccion_tendencial_grupo,
2032,CUNDINAMARCA,AUTOMOVIL,,58.766666666666666,143.7133333333333,143.73333333333332,2022,10,forecast_futuro,43.76,30.726666666666667,88.85714285714857,89.0,proyeccion_tendencial_grupo,
2032,CUNDINAMARCA,BUS,,348.2,310.2,1087.0,2022,10,forecast_futuro,15.18,29.94,1.0,1.0,proyeccion_tendencial_grupo,
2032,CUNDINAMARCA,CAMION,,618.15,630.0,1222.0,2022,10,forecast_futuro,29.046666666666667,34.43,0.0,0.0,proyeccion_tendencial_grupo,
2032,CUNDINAMARCA,CAMIONETA,,665.7962962962963,533.6740740740742,1139.037037037037,2022,10,forecast_futuro,50.18,40.156666666666666,54.98742138365378,55.0,proyeccion_tendencial_grupo,
2032,CUNDINAMARCA,CUADRICICLO,,61.3,221.1,149.0,2022,10,forecast_futuro,20.623333333333335,23.026666666666667,32.047619047617445,32.0,proyeccion_tendencial_grupo,
2032,CUNDINAMARCA,CUATRIMOTO,,3.6,4.7,37.0,2022,10,forecast_futuro,15.72,14.943333333333333,1.0,1.0,proyeccion_tendencial_grupo,
2032,CUNDINAMARCA,MICROBUS,,381.4,231.75,1084.0,2022,10,forecast_futuro,15.72,29.236666666666668,2.0,2.0,proyeccion_tendencial_grupo,
2032,CUNDINAMARCA,MOTOCARRO,,3.266666666666667,3.3000000000000003,33.0,2022,10,forecast_futuro,66.87,54.49,0.0,0.0,proyeccion_tendencial_grupo,
2032,CUNDINAMARCA,MOTOCICLETA,,3.7,2.8,32.0,2022,10,forecast_futuro,11.21,9.473333333333333,5.344900105152476,5.0,proyeccion_tendencial_grupo,
2032,CUNDINAMARCA,MOTOTRICICLO,,3.142857142857143,4.128571428571428,32.0,2022,10,forecast_futuro,12.03,11.036666666666667,40.00000000000637,40.0,proyeccion_tendencial_grupo,
2032,CUNDINAMARCA,TRACTOCAMION,,836.6,528.6,1047.0,2022,10,forecast_futuro,15.72,35.876666666666665,1.0,1.0,proyeccion_tendencial_grupo,
2032,CUNDINAMARCA,TRICIMOTO,,4.5,2.8,36.0,2022,10,forecast_futuro,11.62,12.446666666666667,4.4285714285722975,4.0,proyeccion_tendencial_grupo,
2032,GUAINIA,TRICIMOTO,,3.65,3.75,34.5,2022,10,forecast_futuro,1.6666666666666667,2.2533333333333334,2.0,2.0,proyeccion_tendencial_grupo,
2032,HUILA,AUTOMOVIL,,45.55,117.8,152.0,2022,10,forecast_futuro,2.6766666666666667,3.3033333333333332,2.709677419354392,3.0,proyeccion_tendencial_grupo,
2032,HUILA,CAMIONETA,,675.9,431.6,948.0,2022,10,forecast_futuro,1.3333333333333333,1.5733333333333333,1.0,1.0,proyeccion_tendencial_grupo,
2032,HUILA,CUADRICICLO,,51.5,201.1,157.0,2022,10,forecast_futuro,1.41,1.6566666666666667,1.0,1.0,proyeccion_tendencial_grupo,
2032,HUILA,MOTOCARRO,,4.0,3.3,33.0,2022,10,forecast_futuro,5.573333333333333,8.073333333333334,1.0,1.0,proyeccion_tendencial_grupo,
2032,HUILA,MOTOCICLETA,,4.2,2.7,40.0,2022,10,forecast_futuro,1.22,1.13,0.0,0.0,proyeccion_tendencial_grupo,
2032,HUILA,TRICIMOTO,,2.6,3.8,37.0,2022,10,forecast_futuro,1.0466666666666666,1.7733333333333334,0.9999999999999999,1.0,proyeccion_tendencial_grupo,
2032,MAGDALENA,AUTOMOVIL,,42.2,218.7,150.0,2022,10,forecast_futuro,3.1666666666666665,2.4466666666666668,1.0,1.0,proyeccion_tendencial_grupo,
2032,MAGDALENA,MOTOCICLETA,,4.3,4.4,28.0,2022,10,forecast_futuro,1.2233333333333334,1.7533333333333334,1.0,1.0,proyeccion_tendencial_grupo,
2032,MAGDALENA,TRICIMOTO,,4.8,5.0,35.0,2022,10,forecast_futuro,1.0866666666666667,1.31,1.0,1.0,proyeccion_tendencial_grupo,
2032,META,AUTOMOVIL,,65.97857142857143,139.45000000000002,141.64285714285714,2022,10,forecast_futuro,10.096666666666666,10.773333333333333,34.28571428571195,34.0,proyeccion_tendencial_grupo,
2032,META,CAMIONETA,,659.3,463.8,1099.0,2022,10,forecast_futuro,3.53,2.63,0.9999999999999992,1.0,proyeccion_tendencial_grupo,
2032,META,CUADRICICLO,,43.4,201.3,159.0,2022,10,forecast_futuro,4.73,3.1566666666666667,0.9999999999999997,1.0,proyeccion_tendencial_grupo,
2032,META,MOTOCARRO,,4.2,3.3,33.0,2022,10,forecast_futuro,8.586666666666666,9.176666666666666,1.0,1.0,proyeccion_tendencial_grupo,
2032,META,MOTOCICLETA,,2.8,2.3,39.0,2022,10,forecast_futuro,4.3933333333333335,2.3866666666666667,2.214285714286021,2.0,proyeccion_tendencial_grupo,
2032,NARINO,CAMIONETA,,672.85,624.4,1079.5,2022,10,forecast_futuro,1.8933333333333333,1.9466666666666668,2.0,2.0,proyeccion_tendencial_grupo,
2032,NARINO,MOTOCICLETA,,3.5,2.2,35.0,2022,10,forecast_futuro,1.6,2.0833333333333335,1.0,1.0,proyeccion_tendencial_grupo,
2032,NORTE DE SANTANDER,AUTOMOVIL,,52.0,229.5,169.0,2022,10,forecast_futuro,3.88,3.0233333333333334,4.299999999999784,4.0,proyeccion_tendencial_grupo,
2032,NORTE DE SANTANDER,CAMIONETA,,658.3571428571429,674.6428571428571,1131.857142857143,2022,10,forecast_futuro,4.86,5.223333333333334,29.000000000003638,29.0,proyeccion_tendencial_grupo,
2032,NORTE DE SANTANDER,CUADRICICLO,,54.25,104.8,150.0,2022,10,forecast_futuro,2.53,2.48,2.0,2.0,proyeccion_tendencial_grupo,
2032,NORTE DE SANTANDER,MOTOCICLETA,,4.8,3.3,31.0,2022,10,forecast_futuro,2.5533333333333332,1.79,0.0,0.0,proyeccion_tendencial_grupo,
2032,NORTE DE SANTANDER,TRICIMOTO,,2.2,3.4,26.0,2022,10,forecast_futuro,1.71,1.9666666666666666,1.0,1.0,proyeccion_tendencial_grupo,
2032,QUINDIO,AUTOMOVIL,,60.5,54.4,177.0,2022,10,forecast_futuro,3.1933333333333334,3.98,0.0,0.0,proyeccion_tendencial_grupo,
2032,QUINDIO,CAMIONETA,,724.5,442.4,1347.0,2022,10,forecast_futuro,1.4533333333333334,3.473333333333333,1.0,1.0,proyeccion_tendencial_grupo,
2032,QUINDIO,CUADRICICLO,,60.2,131.26666666666668,145.33333333333334,2022,10,forecast_futuro,1.9133333333333333,4.153333333333333,26.999999999995907,27.0,proyeccion_tendencial_grupo,
2032,RISARALDA,AUTOMOVIL,,63.3,191.5,139.0,2022,10,forecast_futuro,3.683333333333333,4.823333333333333,1.3493150684930555,1.0,proyeccion_tendencial_grupo,
2032,RISARALDA,CAMIONETA,,842.7,544.1,1195.0,2022,10,forecast_futuro,1.36,4.753333333333333,0.9999999999999999,1.0,proyeccion_tendencial_grupo,
2032,RISARALDA,CUADRICICLO,,57.75,155.9,151.0,2022,10,forecast_futuro,2.0033333333333334,2.84,2.6923076923077076,3.0,proyeccion_tendencial_grupo,
2032,RISARALDA,MOTOCICLETA,,4.3,2.35,32.5,2022,10,forecast_futuro,1.5666666666666667,2.3666666666666667,0.0,0.0,proyeccion_tendencial_grupo,
2032,SANTANDER,AUTOMOVIL,,42.9,161.9,177.0,2022,10,forecast_futuro,21.366666666666667,16.043333333333333,25.836956521737648,26.0,proyeccion_tendencial_grupo,
2032,SANTANDER,CAMION,,825.0,594.7,933.0,2022,10,forecast_futuro,4.8533333333333335,6.123333333333333,0.9999999999999992,1.0,proyeccion_tendencial_grupo,
2032,SANTANDER,CAMIONETA,,677.5736842105263,553.4421052631578,1125.4736842105262,2022,10,forecast_futuro,9.283333333333333,8.293333333333333,73.28571428572286,73.0,proyeccion_tendencial_grupo,
2032,SANTANDER,CUADRICICLO,,71.9,124.5,131.0,2022,10,forecast_futuro,10.286666666666667,13.073333333333334,11.000000000000227,11.0,proyeccion_tendencial_grupo,
2032,SANTANDER,MICROBUS,,314.09999999999997,234.76666666666665,1154.0,2022,10,forecast_futuro,9.54,9.196666666666667,3.0,3.0,proyeccion_tendencial_grupo,
2032,SANTANDER,MOTOCICLETA,,3.6666666666666665,2.533333333333333,34.666666666666664,2022,10,forecast_futuro,13.06,13.413333333333334,80.28571428571286,80.0,proyeccion_tendencial_grupo,
2032,SANTANDER,TRICIMOTO,,3.0,3.4,26.0,2022,10,forecast_futuro,9.236666666666666,10.883333333333333,1.000000000000001,1.0,proyeccion_tendencial_grupo,
2032,TOLIMA,AUTOMOVIL,,53.1,188.0,111.0,2022,10,forecast_futuro,3.1633333333333336,3.2533333333333334,0.0,0.0,proyeccion_tendencial_grupo,
2032,TOLIMA,CAMIONETA,,778.3,710.2,1196.0,2022,10,forecast_futuro,1.4533333333333334,3.7533333333333334,1.0,1.0,proyeccion_tendencial_grupo,
2032,TOLIMA,MOTOCICLETA,,3.466666666666667,3.8,34.333333333333336,2022,10,forecast_futuro,1.2933333333333332,2.67,3.0,3.0,proyeccion_tendencial_grupo,
2032,VALLE DEL CAUCA,AUTOMOVIL,,61.65,73.1,112.0,2022,10,forecast_futuro,13.576666666666666,13.433333333333334,13.2616822429909,13.0,proyeccion_tendencial_grupo,
2032,VALLE DEL CAUCA,BUS,,306.4,262.7,1122.0,2022,10,forecast_futuro,5.16,9.526666666666667,0.0,0.0,proyeccion_tendencial_grupo,
2032,VALLE DEL CAUCA,CAMION,,640.3,654.3,1105.0,2022,10,forecast_futuro,2.84,4.23,0.0,0.0,proyeccion_tendencial_grupo,
2032,VALLE DEL CAUCA,CAMIONETA,,685.1142857142858,613.5857142857143,1105.571428571429,2022,10,forecast_futuro,10.5,8.066666666666666,14.615112160566241,15.0,proyeccion_tendencial_grupo,
2032,VALLE DEL CAUCA,CUADRICICLO,,61.85,139.85,144.5,2022,10,forecast_futuro,5.9,8.363333333333333,15.333333333332575,15.0,proyeccion_tendencial_grupo,
2032,VALLE DEL CAUCA,CUATRIMOTO,,3.7,2.0,32.0,2022,10,forecast_futuro,3.763333333333333,9.693333333333333,1.0,1.0,proyeccion_tendencial_grupo,
2032,VALLE DEL CAUCA,MICROBUS,,307.3,323.7,1151.0,2022,10,forecast_futuro,2.6,3.486666666666667,1.0,1.0,proyeccion_tendencial_grupo,
2032,VALLE DEL CAUCA,MOTOCARRO,,3.7,3.1,31.0,2022,10,forecast_futuro,9.086666666666666,14.373333333333333,9.035714285714107,9.0,proyeccion_tendencial_grupo,
2032,VALLE DEL CAUCA,MOTOCICLETA,,2.1,2.5,29.0,2022,10,forecast_futuro,2.5766666666666667,7.246666666666667,0.0,0.0,proyeccion_tendencial_grupo,
2032,VALLE DEL CAUCA,MOTOTRICICLO,,2.1,4.9,35.0,2022,10,forecast_futuro,2.513333333333333,4.36,0.9999999999999993,1.0,proyeccion_tendencial_grupo,
2032,VALLE DEL CAUCA,TRICIMOTO,,2.55,3.275,29.0,2022,10,forecast_futuro,38.236666666666665,19.373333333333335,21.200000000025284,21.0,proyeccion_tendencial_grupo,
2037,AMAZONAS,MOTOCICLETA,,2.4,4.2,31.0,2022,15,forecast_futuro,1.2533333333333334,1.7233333333333334,1.0,1.0,proyeccion_tendencial_grupo,
2037,ANTIOQUIA,AUTOMOVIL,,67.17567567567568,160.48378378378376,149.7027027027027,2022,15,forecast_futuro,109.05333333333333,103.03,234.91232423491965,235.0,proyeccion_tendencial_grupo,
2037,ANTIOQUIA,BUS,,297.8,299.7,1213.0,2022,15,forecast_futuro,55.986666666666665,73.36333333333333,1.9324324324441022,2.0,proyeccion_tendencial_grupo,
2037,ANTIOQUIA,CAMION,,688.0875,599.3199999999999,1165.8,2022,15,forecast_futuro,75.52333333333333,85.48666666666666,285.8000000000575,286.0,proyeccion_tendencial_grupo,
2037,ANTIOQUIA,CAMIONETA,,682.2338235294118,558.8044117647058,1160.9117647058824,2022,15,forecast_futuro,111.52666666666667,99.63666666666667,229.3652694610828,229.0,proyeccion_tendencial_grupo,
2037,ANTIOQUIA,CUADRICICLO,,58.440000000000005,156.48888888888888,145.4,2022,15,forecast_futuro,119.87666666666667,109.92,468.3333333333212,468.0,proyeccion_tendencial_grupo,
2037,ANTIOQUIA,CUATRIMOTO,,2.5,2.5,38.0,2022,15,forecast_futuro,56.973333333333336,19.093333333333334,1.0,1.0,proyeccion_tendencial_grupo,
2037,ANTIOQUIA,MOTOCARRO,,4.7,3.2,36.0,2022,15,forecast_futuro,27.44333333333333,14.433333333333334,4.333333333331609,4.0,proyeccion_tendencial_grupo,
2037,ANTIOQUIA,MOTOCICLETA,,3.3000000000000003,3.8,31.666666666666668,2022,15,forecast_futuro,35.053333333333335,34.21666666666667,0.0,0.0,proyeccion_tendencial_grupo,
2037,ANTIOQUIA,TRICIMOTO,,4.7,2.7,29.0,2022,15,forecast_futuro,28.22,13.533333333333333,1.3333333333353514,1.0,proyeccion_tendencial_grupo,
2037,ARAUCA,MOTOCICLETA,,3.3000000000000003,3.233333333333333,35.666666666666664,2022,15,forecast_futuro,1.2533333333333334,1.74,3.0,3.0,proyeccion_tendencial_grupo,
2037,"ARCHIPIELAGO DE SAN ANDRES, PROVIDENCIA",AUTOMOVIL,,75.6,116.5,177.0,2022,15,forecast_futuro,3.22,3.21,1.0,1.0,proyeccion_tendencial_grupo,
2037,"ARCHIPIELAGO DE SAN ANDRES, PROVIDENCIA",CAMIONETA,,744.8333333333334,641.0,1106.6666666666667,2022,15,forecast_futuro,2.47,3.01,3.0,3.0,proyeccion_tendencial_grupo,
2037,ATLANTICO,AUTOMOVIL,,42.5,64.2,137.0,2022,15,forecast_futuro,3.3266666666666667,4.25,3.3769470404986635,3.0,proyeccion_tendencial_grupo,
2037,ATLANTICO,CAMIONETA,,686.5,572.6,1106.5,2022,15,forecast_futuro,4.42,3.283333333333333,0.0,0.0,proyeccion_tendencial_grupo,
2037,ATLANTICO,MOTOCARRO,,3.0666666666666664,3.4666666666666663,34.666666666666664,2022,15,forecast_futuro,7.523333333333333,11.286666666666667,3.0,3.0,proyeccion_tendencial_grupo,
2037,ATLANTICO,MOTOCICLETA,,4.6,2.3,37.0,2022,15,forecast_futuro,2.05,1.2166666666666666,0.999999999999999,1.0,proyeccion_tendencial_grupo,
2037,ATLANTICO,TRICIMOTO,,5.0,2.6,32.0,2022,15,forecast_futuro,2.54,2.41,0.0,0.0,proyeccion_tendencial_grupo,
2037,BOGOTA D.C.,AUTOMOVIL,,64.19907407407408,154.63425925925927,142.4351851851852,2022,15,forecast_futuro,219.79,223.41666666666666,521.5384615384319,522.0,proyeccion_tendencial_grupo,
2037,BOGOTA D.C.,BUS,,347.5259927797834,261.82960288808664,1151.1624548736463,2022,15,forecast_futuro,152.05333333333334,234.83333333333334,1127.0156250001164,1127.0,proyeccion_tendencial_grupo,
2037,BOGOTA D.C.,CAMIONETA,,715.7865853658536,586.7682926829268,1167.939024390244,2022,15,forecast_futuro,110.60333333333334,121.48,200.99523241952556,201.0,proyeccion_tendencial_grupo,
2037,BOGOTA D.C.,CUADRICICLO,,63.022222222222226,134.17777777777778,144.05555555555554,2022,15,forecast_futuro,70.89666666666666,118.44333333333333,69.66666666666424,70.0,proyeccion_tendencial_grupo,
2037,BOGOTA D.C.,MOTOCARRO,,3.65,3.4000000000000004,28.5,2022,15,forecast_futuro,22.0,16.893333333333334,2.177419354838662,2.0,proyeccion_tendencial_grupo,
2037,BOGOTA D.C.,MOTOCICLETA,,4.15,3.275,31.75,2022,15,forecast_futuro,39.72666666666667,37.473333333333336,0.0,0.0,proyeccion_tendencial_grupo,
2037,BOGOTA D.C.,MOTOTRICICLO,,4.800000000000001,3.65,28.5,2022,15,forecast_futuro,39.28333333333333,18.643333333333334,4.428571428571388,4.0,proyeccion_tendencial_grupo,
2037,BOGOTA D.C.,TRICIMOTO,,2.975,3.675,30.0,2022,15,forecast_futuro,29.63,15.306666666666667,27.999999999994543,28.0,proyeccion_tendencial_grupo,
2037,BOLIVAR,AUTOMOVIL,,56.74444444444444,165.64444444444445,145.44444444444446,2022,15,forecast_futuro,6.673333333333333,7.163333333333333,18.714285714285325,19.0,proyeccion_tendencial_grupo,
2037,BOLIVAR,BUS,,271.56666666666666,303.3,1168.0,2022,15,forecast_futuro,4.71,6.48,3.0,3.0,proyeccion_tendencial_grupo,
2037,BOLIVAR,CAMIONETA,,590.55,505.55,1407.5,2022,15,forecast_futuro,1.7833333333333334,2.763333333333333,17.00000000001046,17.0,proyeccion_tendencial_grupo,
2037,BOLIVAR,CUADRICICLO,,66.7,115.66666666666669,152.0,2022,15,forecast_futuro,2.5433333333333334,4.153333333333333,3.0,3.0,proyeccion_tendencial_grupo,
2037,BOLIVAR,MOTOCICLETA,,2.1,4.0,26.0,2022,15,forecast_futuro,1.8733333333333333,2.2733333333333334,0.0,0.0,proyeccion_tendencial_grupo,
2037,BOLIVAR,TRICIMOTO,,4.1,3.4,29.0,2022,15,forecast_futuro,1.6266666666666667,2.3,0.9999999999999999,1.0,proyeccion_tendencial_grupo,
2037,BOYACA,AUTOMOVIL,,55.3,230.6,123.0,2022,15,forecast_futuro,3.19,3.5233333333333334,1.0000000000000002,1.0,proyeccion_tendencial_grupo,
2037,BOYACA,CAMIONETA,,743.4,699.7,1339.0,2022,15,forecast_futuro,1.7533333333333334,3.32,1.0,1.0,proyeccion_tendencial_grupo,
2037,BOYACA,CUADRICICLO,,64.05000000000001,215.8,155.5,2022,15,forecast_futuro,1.99,2.7066666666666666,2.0,2.0,proyeccion_tendencial_grupo,
2037,BOYACA,TRICIMOTO,,3.55,3.25,33.5,2022,15,forecast_futuro,1.66,3.82,2.0,2.0,proyeccion_tendencial_grupo,
2037,CALDAS,AUTOMOVIL,,66.42,151.44,148.4,2022,15,forecast_futuro,4.36,5.263333333333334,0.0,0.0,proyeccion_tendencial_grupo,
2037,CALDAS,BUS,,331.9,222.4,1276.0,2022,15,forecast_futuro,4.45,5.343333333333334,1.0,1.0,proyeccion_tendencial_grupo,
2037,CALDAS,CAMIONETA,,653.0,460.8,956.0,2022,15,forecast_futuro,1.9733333333333334,1.68,0.0,0.0,proyeccion_tendencial_grupo,
2037,CALDAS,CUADRICICLO,,68.225,119.975,148.75,2022,15,forecast_futuro,3.1433333333333335,3.6666666666666665,16.500000000000227,17.0,proyeccion_tendencial_grupo,
2037,CALDAS,MOTOCICLETA,,3.25,3.55,33.5,2022,15,forecast_futuro,2.16,3.51,3.1538461538479794,3.0,proyeccion_tendencial_grupo,
2037,CALDAS,TRICIMOTO,,2.3,3.2,36.0,2022,15,forecast_futuro,1.8333333333333333,1.2966666666666666,1.0,1.0,proyeccion_tendencial_grupo,
2037,CAQUETA,MOTOCICLETA,,3.5,3.685714285714286,33.42857142857143,2022,15,forecast_futuro,1.47,4.48,53.714285714284415,54.0,proyeccion_tendencial_grupo,
2037,CASANARE,AUTOMOVIL,,71.05,189.15,136.5,2022,15,forecast_futuro,2.6666666666666665,3.223333333333333,2.0,2.0,proyeccion_tendencial_grupo,
2037,CASANARE,MOTOCICLETA,,4.6,2.9,30.0,2022,15,forecast_futuro,1.2666666666666666,1.4333333333333333,0.0,0.0,proyeccion_tendencial_grupo,
2037,CASANARE,TRICIMOTO,,4.8,4.0,35.0,2022,15,forecast_futuro,1.1633333333333333,1.48,1.0,1.0,proyeccion_tendencial_grupo,
2037,CAUCA,AUTOMOVIL,,65.7,164.4,129.0,2022,15,forecast_futuro,3.1666666666666665,4.903333333333333,1.0,1.0,proyeccion_tendencial_grupo,
2037,CAUCA,CAMIONETA,,673.8846153846154,578.4769230769231,1148.3076923076924,2022,15,forecast_futuro,1.42,3.34,76.4285714285561,76.0,proyeccion_tendencial_grupo,
2037,CAUCA,CUADRICICLO,,48.0,191.2,121.0,2022,15,forecast_futuro,1.6866666666666668,2.03,1.0,1.0,proyeccion_tendencial_grupo,
2037,CAUCA,MOTOCICLETA,,2.7,4.8,33.0,2022,15,forecast_futuro,1.2233333333333334,1.57,0.0,0.0,proyeccion_tendencial_grupo,
2037,CAUCA,TRICIMOTO,,4.8,2.4,35.0,2022,15,forecast_futuro,1.0833333333333333,1.0433333333333332,1.0,1.0,proyeccion_tendencial_grupo,
2037,CESAR,MOTOCICLETA,,3.75,4.4,36.0,2022,15,forecast_futuro,1.34,1.8533333333333333,2.0,2.0,proyeccion_tendencial_grupo,
2037,CHOCO,MOTOCICLETA,,3.65,4.4,34.5,2022,15,forecast_futuro,1.2633333333333334,1.7766666666666666,0.0,0.0,proyeccion_tendencial_grupo,
2037,CORDOBA,BUS,,329.0,291.47499999999997,1084.0833333333333,2022,15,forecast_futuro,7.206666666666667,7.553333333333334,12.0,12.0,proyeccion_tendencial_grupo,
2037,CORDOBA,MOTOCICLETA,,4.1,4.9,28.0,2022,15,forecast_futuro,1.9233333333333333,2.1233333333333335,0.0,0.0,proyeccion_tendencial_grupo,
2037,CORDOBA,TRICIMOTO,,4.0,3.8,37.0,2022,15,forecast_futuro,2.183333333333333,1.9966666666666666,1.0,1.0,proyeccion_tendencial_grupo,
2037,CUNDINAMARCA,AUTOMOVIL,,58.766666666666666,143.7133333333333,143.73333333333332,2022,15,forecast_futuro,43.76,30.726666666666667,114.86904761905862,115.0,proyeccion_tendencial_grupo,
2037,CUNDINAMARCA,BUS,,348.2,310.2,1087.0,2022,15,forecast_futuro,15.18,29.94,1.0,1.0,proyeccion_tendencial_grupo,
2037,CUNDINAMARCA,CAMION,,618.15,630.0,1222.0,2022,15,forecast_futuro,29.046666666666667,34.43,0.0,0.0,proyeccion_tendencial_grupo,
2037,CUNDINAMARCA,CAMIONETA,,665.7962962962963,533.6740740740742,1139.037037037037,2022,15,forecast_futuro,50.18,40.156666666666666,67.6289308176174,68.0,proyeccion_tendencial_grupo,
2037,CUNDINAMARCA,CUADRICICLO,,61.3,221.1,149.0,2022,15,forecast_futuro,20.623333333333335,23.026666666666667,42.3333333333303,42.0,proyeccion_tendencial_grupo,
2037,CUNDINAMARCA,CUATRIMOTO,,3.6,4.7,37.0,2022,15,forecast_futuro,15.72,14.943333333333333,1.0,1.0,proyeccion_tendencial_grupo,
2037,CUNDINAMARCA,MICROBUS,,381.4,231.75,1084.0,2022,15,forecast_futuro,15.72,29.236666666666668,2.0,2.0,proyeccion_tendencial_grupo,
2037,CUNDINAMARCA,MOTOCARRO,,3.266666666666667,3.3000000000000003,33.0,2022,15,forecast_futuro,66.87,54.49,0.0,0.0,proyeccion_tendencial_grupo,
2037,CUNDINAMARCA,MOTOCICLETA,,3.7,2.8,32.0,2022,15,forecast_futuro,11.21,9.473333333333333,5.954784437434256,6.0,proyeccion_tendencial_grupo,
2037,CUNDINAMARCA,MOTOTRICICLO,,3.142857142857143,4.128571428571428,32.0,2022,15,forecast_futuro,12.03,11.036666666666667,55.000000000009095,55.0,proyeccion_tendencial_grupo,
2037,CUNDINAMARCA,TRACTOCAMION,,836.6,528.6,1047.0,2022,15,forecast_futuro,15.72,35.876666666666665,1.0,1.0,proyeccion_tendencial_grupo,
2037,CUNDINAMARCA,TRICIMOTO,,4.5,2.8,36.0,2022,15,forecast_futuro,11.62,12.446666666666667,5.500000000001194,6.0,proyeccion_tendencial_grupo,
2037,GUAINIA,TRICIMOTO,,3.65,3.75,34.5,2022,15,forecast_futuro,1.6666666666666667,2.2533333333333334,2.0,2.0,proyeccion_tendencial_grupo,
2037,HUILA,AUTOMOVIL,,45.55,117.8,152.0,2022,15,forecast_futuro,2.6766666666666667,3.3033333333333332,2.951612903225211,3.0,proyeccion_tendencial_grupo,
2037,HUILA,CAMIONETA,,675.9,431.6,948.0,2022,15,forecast_futuro,1.3333333333333333,1.5733333333333333,1.0,1.0,proyeccion_tendencial_grupo,
2037,HUILA,CUADRICICLO,,51.5,201.1,157.0,2022,15,forecast_futuro,1.41,1.6566666666666667,1.0,1.0,proyeccion_tendencial_grupo,
2037,HUILA,MOTOCARRO,,4.0,3.3,33.0,2022,15,forecast_futuro,5.573333333333333,8.073333333333334,1.0,1.0,proyeccion_tendencial_grupo,
2037,HUILA,MOTOCICLETA,,4.2,2.7,40.0,2022,15,forecast_futuro,1.22,1.13,0.0,0.0,proyeccion_tendencial_grupo,
2037,HUILA,TRICIMOTO,,2.6,3.8,37.0,2022,15,forecast_futuro,1.0466666666666666,1.7733333333333334,0.9999999999999999,1.0,proyeccion_tendencial_grupo,
2037,MAGDALENA,AUTOMOVIL,,42.2,218.7,150.0,2022,15,forecast_futuro,3.1666666666666665,2.4466666666666668,1.0,1.0,proyeccion_tendencial_grupo,
2037,MAGDALENA,MOTOCICLETA,,4.3,4.4,28.0,2022,15,forecast_futuro,1.2233333333333334,1.7533333333333334,1.0,1.0,proyeccion_tendencial_grupo,
2037,MAGDALENA,TRICIMOTO,,4.8,5.0,35.0,2022,15,forecast_futuro,1.0866666666666667,1.31,1.0,1.0,proyeccion_tendencial_grupo,
2037,META,AUTOMOVIL,,65.97857142857143,139.45000000000002,141.64285714285714,2022,15,forecast_futuro,10.096666666666666,10.773333333333333,45.35714285713948,45.0,proyeccion_tendencial_grupo,
2037,META,CAMIONETA,,659.3,463.8,1099.0,2022,15,forecast_futuro,3.53,2.63,0.9999999999999989,1.0,proyeccion_tendencial_grupo,
2037,META,CUADRICICLO,,43.4,201.3,159.0,2022,15,forecast_futuro,4.73,3.1566666666666667,0.9999999999999993,1.0,proyeccion_tendencial_grupo,
2037,META,MOTOCARRO,,4.2,3.3,33.0,2022,15,forecast_futuro,8.586666666666666,9.176666666666666,1.0,1.0,proyeccion_tendencial_grupo,
2037,META,MOTOCICLETA,,2.8,2.3,39.0,2022,15,forecast_futuro,4.3933333333333335,2.3866666666666667,2.0357142857146755,2.0,proyeccion_tendencial_grupo,
2037,NARINO,CAMIONETA,,672.85,624.4,1079.5,2022,15,forecast_futuro,1.8933333333333333,1.9466666666666668,2.0,2.0,proyeccion_tendencial_grupo,
2037,NARINO,MOTOCICLETA,,3.5,2.2,35.0,2022,15,forecast_futuro,1.6,2.0833333333333335,1.0,1.0,proyeccion_tendencial_grupo,
2037,NORTE DE SANTANDER,AUTOMOVIL,,52.0,229.5,169.0,2022,15,forecast_futuro,3.88,3.0233333333333334,5.349999999999682,5.0,proyeccion_tendencial_grupo,
2037,NORTE DE SANTANDER,CAMIONETA,,658.3571428571429,674.6428571428571,1131.857142857143,2022,15,forecast_futuro,4.86,5.223333333333334,39.000000000005,39.0,proyeccion_tendencial_grupo,
2037,NORTE DE SANTANDER,CUADRICICLO,,54.25,104.8,150.0,2022,15,forecast_futuro,2.53,2.48,2.0,2.0,proyeccion_tendencial_grupo,
2037,NORTE DE SANTANDER,MOTOCICLETA,,4.8,3.3,31.0,2022,15,forecast_futuro,2.5533333333333332,1.79,0.0,0.0,proyeccion_tendencial_grupo,
2037,NORTE DE SANTANDER,TRICIMOTO,,2.2,3.4,26.0,2022,15,forecast_futuro,1.71,1.9666666666666666,1.0,1.0,proyeccion_tendencial_grupo,
2037,QUINDIO,AUTOMOVIL,,60.5,54.4,177.0,2022,15,forecast_futuro,3.1933333333333334,3.98,0.0,0.0,proyeccion_tendencial_grupo,
2037,QUINDIO,CAMIONETA,,724.5,442.4,1347.0,2022,15,forecast_futuro,1.4533333333333334,3.473333333333333,1.0,1.0,proyeccion_tendencial_grupo,
2037,QUINDIO,CUADRICICLO,,60.2,131.26666666666668,145.33333333333334,2022,15,forecast_futuro,1.9133333333333333,4.153333333333333,36.999999999995,37.0,proyeccion_tendencial_grupo,
2037,RISARALDA,AUTOMOVIL,,63.3,191.5,139.0,2022,15,forecast_futuro,3.683333333333333,4.823333333333333,1.1095890410957452,1.0,proyeccion_tendencial_grupo,
2037,RISARALDA,CAMIONETA,,842.7,544.1,1195.0,2022,15,forecast_futuro,1.36,4.753333333333333,0.9999999999999999,1.0,proyeccion_tendencial_grupo,
2037,RISARALDA,CUADRICICLO,,57.75,155.9,151.0,2022,15,forecast_futuro,2.0033333333333334,2.84,3.076923076923066,3.0,proyeccion_tendencial_grupo,
2037,RISARALDA,MOTOCICLETA,,4.3,2.35,32.5,2022,15,forecast_futuro,1.5666666666666667,2.3666666666666667,0.0,0.0,proyeccion_tendencial_grupo,
2037,SANTANDER,AUTOMOVIL,,42.9,161.9,177.0,2022,15,forecast_futuro,21.366666666666667,16.043333333333333,33.463768115939274,33.0,proyeccion_tendencial_grupo,
2037,SANTANDER,CAMION,,825.0,594.7,933.0,2022,15,forecast_futuro,4.8533333333333335,6.123333333333333,0.9999999999999989,1.0,proyeccion_tendencial_grupo,
2037,SANTANDER,CAMIONETA,,677.5736842105263,553.4421052631578,1125.4736842105262,2022,15,forecast_futuro,9.283333333333333,8.293333333333333,101.50000000001091,102.0,proyeccion_tendencial_grupo,
2037,SANTANDER,CUADRICICLO,,71.9,124.5,131.0,2022,15,forecast_futuro,10.286666666666667,13.073333333333334,14.000000000000682,14.0,proyeccion_tendencial_grupo,
2037,SANTANDER,MICROBUS,,314.09999999999997,234.76666666666665,1154.0,2022,15,forecast_futuro,9.54,9.196666666666667,3.0,3.0,proyeccion_tendencial_grupo,
2037,SANTANDER,MOTOCICLETA,,3.6666666666666665,2.533333333333333,34.666666666666664,2022,15,forecast_futuro,13.06,13.413333333333334,97.78571428571286,98.0,proyeccion_tendencial_grupo,
2037,SANTANDER,TRICIMOTO,,3.0,3.4,26.0,2022,15,forecast_futuro,9.236666666666666,10.883333333333333,1.0000000000000016,1.0,proyeccion_tendencial_grupo,
2037,TOLIMA,AUTOMOVIL,,53.1,188.0,111.0,2022,15,forecast_futuro,3.1633333333333336,3.2533333333333334,0.0,0.0,proyeccion_tendencial_grupo,
2037,TOLIMA,CAMIONETA,,778.3,710.2,1196.0,2022,15,forecast_futuro,1.4533333333333334,3.7533333333333334,1.0,1.0,proyeccion_tendencial_grupo,
2037,TOLIMA,MOTOCICLETA,,3.466666666666667,3.8,34.333333333333336,2022,15,forecast_futuro,1.2933333333333332,2.67,3.0,3.0,proyeccion_tendencial_grupo,
2037,VALLE DEL CAUCA,AUTOMOVIL,,61.65,73.1,112.0,2022,15,forecast_futuro,13.576666666666666,13.433333333333334,16.085447263017613,16.0,proyeccion_tendencial_grupo,
2037,VALLE DEL CAUCA,BUS,,306.4,262.7,1122.0,2022,15,forecast_futuro,5.16,9.526666666666667,0.0,0.0,proyeccion_tendencial_grupo,
2037,VALLE DEL CAUCA,CAMION,,640.3,654.3,1105.0,2022,15,forecast_futuro,2.84,4.23,0.0,0.0,proyeccion_tendencial_grupo,
2037,VALLE DEL CAUCA,CAMIONETA,,685.1142857142858,613.5857142857143,1105.571428571429,2022,15,forecast_futuro,10.5,8.066666666666666,18.133412042502414,18.0,proyeccion_tendencial_grupo,
2037,VALLE DEL CAUCA,CUADRICICLO,,61.85,139.85,144.5,2022,15,forecast_futuro,5.9,8.363333333333333,20.33333333333212,20.0,proyeccion_tendencial_grupo,
2037,VALLE DEL CAUCA,CUATRIMOTO,,3.7,2.0,32.0,2022,15,forecast_futuro,3.763333333333333,9.693333333333333,1.0,1.0,proyeccion_tendencial_grupo,
2037,VALLE DEL CAUCA,MICROBUS,,307.3,323.7,1151.0,2022,15,forecast_futuro,2.6,3.486666666666667,1.0,1.0,proyeccion_tendencial_grupo,
2037,VALLE DEL CAUCA,MOTOCARRO,,3.7,3.1,31.0,2022,15,forecast_futuro,9.086666666666666,14.373333333333333,10.821428571428214,11.0,proyeccion_tendencial_grupo,
2037,VALLE DEL CAUCA,MOTOCICLETA,,2.1,2.5,29.0,2022,15,forecast_futuro,2.5766666666666667,7.246666666666667,0.0,0.0,proyeccion_tendencial_grupo,
2037,VALLE DEL CAUCA,MOTOTRICICLO,,2.1,4.9,35.0,2022,15,forecast_futuro,2.513333333333333,4.36,0.999999999999999,1.0,proyeccion_tendencial_grupo,
2037,VALLE DEL CAUCA,TRICIMOTO,,2.55,3.275,29.0,2022,15,forecast_futuro,38.236666666666665,19.373333333333335,20.20000000003637,20.0,proyeccion_tendencial_grupo,
2042,AMAZONAS,MOTOCICLETA,,2.4,4.2,31.0,2022,20,forecast_futuro,1.2533333333333334,1.7233333333333334,1.0,1.0,proyeccion_tendencial_grupo,
2042,ANTIOQUIA,AUTOMOVIL,,67.17567567567568,160.48378378378376,149.7027027027027,2022,20,forecast_futuro,109.05333333333333,103.03,278.33250620349645,278.0,proyeccion_tendencial_grupo,
2042,ANTIOQUIA,BUS,,297.8,299.7,1213.0,2022,20,forecast_futuro,55.986666666666665,73.36333333333333,0.0,0.0,proyeccion_tendencial_grupo,
2042,ANTIOQUIA,CAMION,,688.0875,599.3199999999999,1165.8,2022,20,forecast_futuro,75.52333333333333,85.48666666666666,357.80000000008295,358.0,proyeccion_tendencial_grupo,
2042,ANTIOQUIA,CAMIONETA,,682.2338235294118,558.8044117647058,1160.9117647058824,2022,20,forecast_futuro,111.52666666666667,99.63666666666667,277.74850299401805,278.0,proyeccion_tendencial_grupo,
2042,ANTIOQUIA,CUADRICICLO,,58.440000000000005,156.48888888888888,145.4,2022,20,forecast_futuro,119.87666666666667,109.92,577.9047619047415,578.0,proyeccion_tendencial_grupo,
2042,ANTIOQUIA,CUATRIMOTO,,2.5,2.5,38.0,2022,20,forecast_futuro,56.973333333333336,19.093333333333334,1.0,1.0,proyeccion_tendencial_grupo,
2042,ANTIOQUIA,MOTOCARRO,,4.7,3.2,36.0,2022,20,forecast_futuro,27.44333333333333,14.433333333333334,4.619047619045389,5.0,proyeccion_tendencial_grupo,
2042,ANTIOQUIA,MOTOCICLETA,,3.3000000000000003,3.8,31.666666666666668,2022,20,forecast_futuro,35.053333333333335,34.21666666666667,0.0,0.0,proyeccion_tendencial_grupo,
2042,ANTIOQUIA,TRICIMOTO,,4.7,2.7,29.0,2022,20,forecast_futuro,28.22,13.533333333333333,1.3333333333359452,1.0,proyeccion_tendencial_grupo,
2042,ARAUCA,MOTOCICLETA,,3.3000000000000003,3.233333333333333,35.666666666666664,2022,20,forecast_futuro,1.2533333333333334,1.74,3.0,3.0,proyeccion_tendencial_grupo,
2042,"ARCHIPIELAGO DE SAN ANDRES, PROVIDENCIA",AUTOMOVIL,,75.6,116.5,177.0,2022,20,forecast_futuro,3.22,3.21,1.0,1.0,proyeccion_tendencial_grupo,
2042,"ARCHIPIELAGO DE SAN ANDRES, PROVIDENCIA",CAMIONETA,,744.8333333333334,641.0,1106.6666666666667,2022,20,forecast_futuro,2.47,3.01,3.0,3.0,proyeccion_tendencial_grupo,
2042,ATLANTICO,AUTOMOVIL,,42.5,64.2,137.0,2022,20,forecast_futuro,3.3266666666666667,4.25,3.7040498442370335,4.0,proyeccion_tendencial_grupo,
2042,ATLANTICO,CAMIONETA,,686.5,572.6,1106.5,2022,20,forecast_futuro,4.42,3.283333333333333,0.0,0.0,proyeccion_tendencial_grupo,
2042,ATLANTICO,MOTOCARRO,,3.0666666666666664,3.4666666666666663,34.666666666666664,2022,20,forecast_futuro,7.523333333333333,11.286666666666667,3.0,3.0,proyeccion_tendencial_grupo,
2042,ATLANTICO,MOTOCICLETA,,4.6,2.3,37.0,2022,20,forecast_futuro,2.05,1.2166666666666666,0.9999999999999987,1.0,proyeccion_tendencial_grupo,
2042,ATLANTICO,TRICIMOTO,,5.0,2.6,32.0,2022,20,forecast_futuro,2.54,2.41,0.0,0.0,proyeccion_tendencial_grupo,
2042,BOGOTA D.C.,AUTOMOVIL,,64.19907407407408,154.63425925925927,142.4351851851852,2022,20,forecast_futuro,219.79,223.41666666666666,620.7142857142462,621.0,proyeccion_tendencial_grupo,
2042,BOGOTA D.C.,BUS,,347.5259927797834,261.82960288808664,1151.1624548736463,2022,20,forecast_futuro,152.05333333333334,234.83333333333334,1384.1250000001455,1384.0,proyeccion_tendencial_grupo,
2042,BOGOTA D.C.,CAMIONETA,,715.7865853658536,586.7682926829268,1167.939024390244,2022,20,forecast_futuro,110.60333333333334,121.48,242.51191895110242,243.0,proyeccion_tendencial_grupo,
2042,BOGOTA D.C.,CUADRICICLO,,63.022222222222226,134.17777777777778,144.05555555555554,2022,20,forecast_futuro,70.89666666666666,118.44333333333333,75.66666666666333,76.0,proyeccion_tendencial_grupo,
2042,BOGOTA D.C.,MOTOCARRO,,3.65,3.4000000000000004,28.5,2022,20,forecast_futuro,22.0,16.893333333333334,2.4193548387095944,2.0,proyeccion_tendencial_grupo,
2042,BOGOTA D.C.,MOTOCICLETA,,4.15,3.275,31.75,2022,20,forecast_futuro,39.72666666666667,37.473333333333336,0.0,0.0,proyeccion_tendencial_grupo,
2042,BOGOTA D.C.,MOTOTRICICLO,,4.800000000000001,3.65,28.5,2022,20,forecast_futuro,39.28333333333333,18.643333333333334,5.14285714285711,5.0,proyeccion_tendencial_grupo,
2042,BOGOTA D.C.,TRICIMOTO,,2.975,3.675,30.0,2022,20,forecast_futuro,29.63,15.306666666666667,35.49999999999227,35.0,proyeccion_tendencial_grupo,
2042,BOLIVAR,AUTOMOVIL,,56.74444444444444,165.64444444444445,145.44444444444446,2022,20,forecast_futuro,6.673333333333333,7.163333333333333,21.95604395604323,22.0,proyeccion_tendencial_grupo,
2042,BOLIVAR,BUS,,271.56666666666666,303.3,1168.0,2022,20,forecast_futuro,4.71,6.48,3.0,3.0,proyeccion_tendencial_grupo,
2042,BOLIVAR,CAMIONETA,,590.55,505.55,1407.5,2022,20,forecast_futuro,1.7833333333333334,2.763333333333333,22.000000000013642,22.0,proyeccion_tendencial_grupo,
2042,BOLIVAR,CUADRICICLO,,66.7,115.66666666666669,152.0,2022,20,forecast_futuro,2.5433333333333334,4.153333333333333,3.0,3.0,proyeccion_tendencial_grupo,
2042,BOLIVAR,MOTOCICLETA,,2.1,4.0,26.0,2022,20,forecast_futuro,1.8733333333333333,2.2733333333333334,0.0,0.0,proyeccion_tendencial_grupo,
2042,BOLIVAR,TRICIMOTO,,4.1,3.4,29.0,2022,20,forecast_futuro,1.6266666666666667,2.3,1.0,1.0,proyeccion_tendencial_grupo,
2042,BOYACA,AUTOMOVIL,,55.3,230.6,123.0,2022,20,forecast_futuro,3.19,3.5233333333333334,1.0000000000000002,1.0,proyeccion_tendencial_grupo,
2042,BOYACA,CAMIONETA,,743.4,699.7,1339.0,2022,20,forecast_futuro,1.7533333333333334,3.32,1.0,1.0,proyeccion_tendencial_grupo,
2042,BOYACA,CUADRICICLO,,64.05000000000001,215.8,155.5,2022,20,forecast_futuro,1.99,2.7066666666666666,2.0,2.0,proyeccion_tendencial_grupo,
2042,BOYACA,TRICIMOTO,,3.55,3.25,33.5,2022,20,forecast_futuro,1.66,3.82,2.0,2.0,proyeccion_tendencial_grupo,
2042,CALDAS,AUTOMOVIL,,66.42,151.44,148.4,2022,20,forecast_futuro,4.36,5.263333333333334,0.0,0.0,proyeccion_tendencial_grupo,
2042,CALDAS,BUS,,331.9,222.4,1276.0,2022,20,forecast_futuro,4.45,5.343333333333334,1.0,1.0,proyeccion_tendencial_grupo,
2042,CALDAS,CAMIONETA,,653.0,460.8,956.0,2022,20,forecast_futuro,1.9733333333333334,1.68,0.0,0.0,proyeccion_tendencial_grupo,
2042,CALDAS,CUADRICICLO,,68.225,119.975,148.75,2022,20,forecast_futuro,3.1433333333333335,3.6666666666666665,20.500000000000227,21.0,proyeccion_tendencial_grupo,
2042,CALDAS,MOTOCICLETA,,3.25,3.55,33.5,2022,20,forecast_futuro,2.16,3.51,3.538461538463878,4.0,proyeccion_tendencial_grupo,
2042,CALDAS,TRICIMOTO,,2.3,3.2,36.0,2022,20,forecast_futuro,1.8333333333333333,1.2966666666666666,1.0,1.0,proyeccion_tendencial_grupo,
2042,CAQUETA,MOTOCICLETA,,3.5,3.685714285714286,33.42857142857143,2022,20,forecast_futuro,1.47,4.48,64.42857142856883,64.0,proyeccion_tendencial_grupo,
2042,CASANARE,AUTOMOVIL,,71.05,189.15,136.5,2022,20,forecast_futuro,2.6666666666666665,3.223333333333333,2.0,2.0,proyeccion_tendencial_grupo,
2042,CASANARE,MOTOCICLETA,,4.6,2.9,30.0,2022,20,forecast_futuro,1.2666666666666666,1.4333333333333333,0.0,0.0,proyeccion_tendencial_grupo,
2042,CASANARE,TRICIMOTO,,4.8,4.0,35.0,2022,20,forecast_futuro,1.1633333333333333,1.48,1.0,1.0,proyeccion_tendencial_grupo,
2042,CAUCA,AUTOMOVIL,,65.7,164.4,129.0,2022,20,forecast_futuro,3.1666666666666665,4.903333333333333,1.0,1.0,proyeccion_tendencial_grupo,
2042,CAUCA,CAMIONETA,,673.8846153846154,578.4769230769231,1148.3076923076924,2022,20,forecast_futuro,1.42,3.34,97.85714285712311,98.0,proyeccion_tendencial_grupo,
2042,CAUCA,CUADRICICLO,,48.0,191.2,121.0,2022,20,forecast_futuro,1.6866666666666668,2.03,1.0,1.0,proyeccion_tendencial_grupo,
2042,CAUCA,MOTOCICLETA,,2.7,4.8,33.0,2022,20,forecast_futuro,1.2233333333333334,1.57,0.0,0.0,proyeccion_tendencial_grupo,
2042,CAUCA,TRICIMOTO,,4.8,2.4,35.0,2022,20,forecast_futuro,1.0833333333333333,1.0433333333333332,1.0,1.0,proyeccion_tendencial_grupo,
2042,CESAR,MOTOCICLETA,,3.75,4.4,36.0,2022,20,forecast_futuro,1.34,1.8533333333333333,2.0,2.0,proyeccion_tendencial_grupo,
2042,CHOCO,MOTOCICLETA,,3.65,4.4,34.5,2022,20,forecast_futuro,1.2633333333333334,1.7766666666666666,0.0,0.0,proyeccion_tendencial_grupo,
2042,CORDOBA,BUS,,329.0,291.47499999999997,1084.0833333333333,2022,20,forecast_futuro,7.206666666666667,7.553333333333334,12.0,12.0,proyeccion_tendencial_grupo,
2042,CORDOBA,MOTOCICLETA,,4.1,4.9,28.0,2022,20,forecast_futuro,1.9233333333333333,2.1233333333333335,0.0,0.0,proyeccion_tendencial_grupo,
2042,CORDOBA,TRICIMOTO,,4.0,3.8,37.0,2022,20,forecast_futuro,2.183333333333333,1.9966666666666666,1.0,1.0,proyeccion_tendencial_grupo,
2042,CUNDINAMARCA,AUTOMOVIL,,58.766666666666666,143.7133333333333,143.73333333333332,2022,20,forecast_futuro,43.76,30.726666666666667,140.88095238096685,141.0,proyeccion_tendencial_grupo,
2042,CUNDINAMARCA,BUS,,348.2,310.2,1087.0,2022,20,forecast_futuro,15.18,29.94,1.0,1.0,proyeccion_tendencial_grupo,
2042,CUNDINAMARCA,CAMION,,618.15,630.0,1222.0,2022,20,forecast_futuro,29.046666666666667,34.43,0.0,0.0,proyeccion_tendencial_grupo,
2042,CUNDINAMARCA,CAMIONETA,,665.7962962962963,533.6740740740742,1139.037037037037,2022,20,forecast_futuro,50.18,40.156666666666666,80.27044025158102,80.0,proyeccion_tendencial_grupo,
2042,CUNDINAMARCA,CUADRICICLO,,61.3,221.1,149.0,2022,20,forecast_futuro,20.623333333333335,23.026666666666667,52.61904761904407,53.0,proyeccion_tendencial_grupo,
2042,CUNDINAMARCA,CUATRIMOTO,,3.6,4.7,37.0,2022,20,forecast_futuro,15.72,14.943333333333333,1.0,1.0,proyeccion_tendencial_grupo,
2042,CUNDINAMARCA,MICROBUS,,381.4,231.75,1084.0,2022,20,forecast_futuro,15.72,29.236666666666668,2.0,2.0,proyeccion_tendencial_grupo,
2042,CUNDINAMARCA,MOTOCARRO,,3.266666666666667,3.3000000000000003,33.0,2022,20,forecast_futuro,66.87,54.49,0.0,0.0,proyeccion_tendencial_grupo,
2042,CUNDINAMARCA,MOTOCICLETA,,3.7,2.8,32.0,2022,20,forecast_futuro,11.21,9.473333333333333,6.564668769716036,7.0,proyeccion_tendencial_grupo,
2042,CUNDINAMARCA,MOTOTRICICLO,,3.142857142857143,4.128571428571428,32.0,2022,20,forecast_futuro,12.03,11.036666666666667,70.00000000001091,70.0,proyeccion_tendencial_grupo,
2042,CUNDINAMARCA,TRACTOCAMION,,836.6,528.6,1047.0,2022,20,forecast_futuro,15.72,35.876666666666665,1.0,1.0,proyeccion_tendencial_grupo,
2042,CUNDINAMARCA,TRICIMOTO,,4.5,2.8,36.0,2022,20,forecast_futuro,11.62,12.446666666666667,6.57142857143009,7.0,proyeccion_tendencial_grupo,
2042,GUAINIA,TRICIMOTO,,3.65,3.75,34.5,2022,20,forecast_futuro,1.6666666666666667,2.2533333333333334,2.0,2.0,proyeccion_tendencial_grupo,
2042,HUILA,AUTOMOVIL,,45.55,117.8,152.0,2022,20,forecast_futuro,2.6766666666666667,3.3033333333333332,3.1935483870960155,3.0,proyeccion_tendencial_grupo,
2042,HUILA,CAMIONETA,,675.9,431.6,948.0,2022,20,forecast_futuro,1.3333333333333333,1.5733333333333333,1.0,1.0,proyeccion_tendencial_grupo,
2042,HUILA,CUADRICICLO,,51.5,201.1,157.0,2022,20,forecast_futuro,1.41,1.6566666666666667,1.0,1.0,proyeccion_tendencial_grupo,
2042,HUILA,MOTOCARRO,,4.0,3.3,33.0,2022,20,forecast_futuro,5.573333333333333,8.073333333333334,1.0,1.0,proyeccion_tendencial_grupo,
2042,HUILA,MOTOCICLETA,,4.2,2.7,40.0,2022,20,forecast_futuro,1.22,1.13,0.0,0.0,proyeccion_tendencial_grupo,
2042,HUILA,TRICIMOTO,,2.6,3.8,37.0,2022,20,forecast_futuro,1.0466666666666666,1.7733333333333334,0.9999999999999999,1.0,proyeccion_tendencial_grupo,
2042,MAGDALENA,AUTOMOVIL,,42.2,218.7,150.0,2022,20,forecast_futuro,3.1666666666666665,2.4466666666666668,1.0,1.0,proyeccion_tendencial_grupo,
2042,MAGDALENA,MOTOCICLETA,,4.3,4.4,28.0,2022,20,forecast_futuro,1.2233333333333334,1.7533333333333334,1.0,1.0,proyeccion_tendencial_grupo,
2042,MAGDALENA,TRICIMOTO,,4.8,5.0,35.0,2022,20,forecast_futuro,1.0866666666666667,1.31,1.0,1.0,proyeccion_tendencial_grupo,
2042,META,AUTOMOVIL,,65.97857142857143,139.45000000000002,141.64285714285714,2022,20,forecast_futuro,10.096666666666666,10.773333333333333,56.42857142856701,56.0,proyeccion_tendencial_grupo,
2042,META,CAMIONETA,,659.3,463.8,1099.0,2022,20,forecast_futuro,3.53,2.63,0.9999999999999984,1.0,proyeccion_tendencial_grupo,
2042,META,CUADRICICLO,,43.4,201.3,159.0,2022,20,forecast_futuro,4.73,3.1566666666666667,0.9999999999999991,1.0,proyeccion_tendencial_grupo,
2042,META,MOTOCARRO,,4.2,3.3,33.0,2022,20,forecast_futuro,8.586666666666666,9.176666666666666,1.0,1.0,proyeccion_tendencial_grupo,
2042,META,MOTOCICLETA,,2.8,2.3,39.0,2022,20,forecast_futuro,4.3933333333333335,2.3866666666666667,1.857142857143316,2.0,proyeccion_tendencial_grupo,
2042,NARINO,CAMIONETA,,672.85,624.4,1079.5,2022,20,forecast_futuro,1.8933333333333333,1.9466666666666668,2.0,2.0,proyeccion_tendencial_grupo,
2042,NARINO,MOTOCICLETA,,3.5,2.2,35.0,2022,20,forecast_futuro,1.6,2.0833333333333335,1.0,1.0,proyeccion_tendencial_grupo,
2042,NORTE DE SANTANDER,AUTOMOVIL,,52.0,229.5,169.0,2022,20,forecast_futuro,3.88,3.0233333333333334,6.399999999999636,6.0,proyeccion_tendencial_grupo,
2042,NORTE DE SANTANDER,CAMIONETA,,658.3571428571429,674.6428571428571,1131.857142857143,2022,20,forecast_futuro,4.86,5.223333333333334,49.00000000000637,49.0,proyeccion_tendencial_grupo,
2042,NORTE DE SANTANDER,CUADRICICLO,,54.25,104.8,150.0,2022,20,forecast_futuro,2.53,2.48,2.0,2.0,proyeccion_tendencial_grupo,
2042,NORTE DE SANTANDER,MOTOCICLETA,,4.8,3.3,31.0,2022,20,forecast_futuro,2.5533333333333332,1.79,0.0,0.0,proyeccion_tendencial_grupo,
2042,NORTE DE SANTANDER,TRICIMOTO,,2.2,3.4,26.0,2022,20,forecast_futuro,1.71,1.9666666666666666,1.0,1.0,proyeccion_tendencial_grupo,
2042,QUINDIO,AUTOMOVIL,,60.5,54.4,177.0,2022,20,forecast_futuro,3.1933333333333334,3.98,0.0,0.0,proyeccion_tendencial_grupo,
2042,QUINDIO,CAMIONETA,,724.5,442.4,1347.0,2022,20,forecast_futuro,1.4533333333333334,3.473333333333333,1.0,1.0,proyeccion_tendencial_grupo,
2042,QUINDIO,CUADRICICLO,,60.2,131.26666666666668,145.33333333333334,2022,20,forecast_futuro,1.9133333333333333,4.153333333333333,46.99999999999363,47.0,proyeccion_tendencial_grupo,
2042,RISARALDA,AUTOMOVIL,,63.3,191.5,139.0,2022,20,forecast_futuro,3.683333333333333,4.823333333333333,0.8698630136984491,1.0,proyeccion_tendencial_grupo,
2042,RISARALDA,CAMIONETA,,842.7,544.1,1195.0,2022,20,forecast_futuro,1.36,4.753333333333333,0.9999999999999999,1.0,proyeccion_tendencial_grupo,
2042,RISARALDA,CUADRICICLO,,57.75,155.9,151.0,2022,20,forecast_futuro,2.0033333333333334,2.84,3.4615384615384244,3.0,proyeccion_tendencial_grupo,
2042,RISARALDA,MOTOCICLETA,,4.3,2.35,32.5,2022,20,forecast_futuro,1.5666666666666667,2.3666666666666667,0.0,0.0,proyeccion_tendencial_grupo,
2042,SANTANDER,AUTOMOVIL,,42.9,161.9,177.0,2022,20,forecast_futuro,21.366666666666667,16.043333333333333,41.090579710141355,41.0,proyeccion_tendencial_grupo,
2042,SANTANDER,CAMION,,825.0,594.7,933.0,2022,20,forecast_futuro,4.8533333333333335,6.123333333333333,0.9999999999999984,1.0,proyeccion_tendencial_grupo,
2042,SANTANDER,CAMIONETA,,677.5736842105263,553.4421052631578,1125.4736842105262,2022,20,forecast_futuro,9.283333333333333,8.293333333333333,129.71428571429897,130.0,proyeccion_tendencial_grupo,
2042,SANTANDER,CUADRICICLO,,71.9,124.5,131.0,2022,20,forecast_futuro,10.286666666666667,13.073333333333334,17.000000000001137,17.0,proyeccion_tendencial_grupo,
2042,SANTANDER,MICROBUS,,314.09999999999997,234.76666666666665,1154.0,2022,20,forecast_futuro,9.54,9.196666666666667,3.0,3.0,proyeccion_tendencial_grupo,
2042,SANTANDER,MOTOCICLETA,,3.6666666666666665,2.533333333333333,34.666666666666664,2022,20,forecast_futuro,13.06,13.413333333333334,115.28571428571286,115.0,proyeccion_tendencial_grupo,
2042,SANTANDER,TRICIMOTO,,3.0,3.4,26.0,2022,20,forecast_futuro,9.236666666666666,10.883333333333333,1.0000000000000022,1.0,proyeccion_tendencial_grupo,
2042,TOLIMA,AUTOMOVIL,,53.1,188.0,111.0,2022,20,forecast_futuro,3.1633333333333336,3.2533333333333334,0.0,0.0,proyeccion_tendencial_grupo,
2042,TOLIMA,CAMIONETA,,778.3,710.2,1196.0,2022,20,forecast_futuro,1.4533333333333334,3.7533333333333334,1.0,1.0,proyeccion_tendencial_grupo,
2042,TOLIMA,MOTOCICLETA,,3.466666666666667,3.8,34.333333333333336,2022,20,forecast_futuro,1.2933333333333332,2.67,3.0,3.0,proyeccion_tendencial_grupo,
2042,VALLE DEL CAUCA,AUTOMOVIL,,61.65,73.1,112.0,2022,20,forecast_futuro,13.576666666666666,13.433333333333334,18.909212283044326,19.0,proyeccion_tendencial_grupo,
2042,VALLE DEL CAUCA,BUS,,306.4,262.7,1122.0,2022,20,forecast_futuro,5.16,9.526666666666667,0.0,0.0,proyeccion_tendencial_grupo,
2042,VALLE DEL CAUCA,CAMION,,640.3,654.3,1105.0,2022,20,forecast_futuro,2.84,4.23,0.0,0.0,proyeccion_tendencial_grupo,
2042,VALLE DEL CAUCA,CAMIONETA,,685.1142857142858,613.5857142857143,1105.571428571429,2022,20,forecast_futuro,10.5,8.066666666666666,21.65171192443836,22.0,proyeccion_tendencial_grupo,
2042,VALLE DEL CAUCA,CUADRICICLO,,61.85,139.85,144.5,2022,20,forecast_futuro,5.9,8.363333333333333,25.333333333331666,25.0,proyeccion_tendencial_grupo,
2042,VALLE DEL CAUCA,CUATRIMOTO,,3.7,2.0,32.0,2022,20,forecast_futuro,3.763333333333333,9.693333333333333,1.0,1.0,proyeccion_tendencial_grupo,
2042,VALLE DEL CAUCA,MICROBUS,,307.3,323.7,1151.0,2022,20,forecast_futuro,2.6,3.486666666666667,1.0,1.0,proyeccion_tendencial_grupo,
2042,VALLE DEL CAUCA,MOTOCARRO,,3.7,3.1,31.0,2022,20,forecast_futuro,9.086666666666666,14.373333333333333,12.607142857142435,13.0,proyeccion_tendencial_grupo,
2042,VALLE DEL CAUCA,MOTOCICLETA,,2.1,2.5,29.0,2022,20,forecast_futuro,2.5766666666666667,7.246666666666667,0.0,0.0,proyeccion_tendencial_grupo,
2042,VALLE DEL CAUCA,MOTOTRICICLO,,2.1,4.9,35.0,2022,20,forecast_futuro,2.513333333333333,4.36,0.9999999999999987,1.0,proyeccion_tendencial_grupo,
2042,VALLE DEL CAUCA,TRICIMOTO,,2.55,3.275,29.0,2022,20,forecast_futuro,38.236666666666665,19.373333333333335,19.200000000047453,19.0,proyeccion_tendencial_grupo,
2052,AMAZONAS,MOTOCICLETA,,2.4,4.2,31.0,2022,30,forecast_futuro,1.2533333333333334,1.7233333333333334,1.0,1.0,proyeccion_tendencial_grupo,
2052,ANTIOQUIA,AUTOMOVIL,,67.17567567567568,160.48378378378376,149.7027027027027,2022,30,forecast_futuro,109.05333333333333,103.03,365.1728701406464,365.0,proyeccion_tendencial_grupo,
2052,ANTIOQUIA,BUS,,297.8,299.7,1213.0,2022,30,forecast_futuro,55.986666666666665,73.36333333333333,0.0,0.0,proyeccion_tendencial_grupo,
2052,ANTIOQUIA,CAMION,,688.0875,599.3199999999999,1165.8,2022,30,forecast_futuro,75.52333333333333,85.48666666666666,501.8000000001266,502.0,proyeccion_tendencial_grupo,
2052,ANTIOQUIA,CAMIONETA,,682.2338235294118,558.8044117647058,1160.9117647058824,2022,30,forecast_futuro,111.52666666666667,99.63666666666667,374.5149700598886,375.0,proyeccion_tendencial_grupo,
2052,ANTIOQUIA,CUADRICICLO,,58.440000000000005,156.48888888888888,145.4,2022,30,forecast_futuro,119.87666666666667,109.92,797.0476190475893,797.0,proyeccion_tendencial_grupo,
2052,ANTIOQUIA,CUATRIMOTO,,2.5,2.5,38.0,2022,30,forecast_futuro,56.973333333333336,19.093333333333334,1.0,1.0,proyeccion_tendencial_grupo,
2052,ANTIOQUIA,MOTOCARRO,,4.7,3.2,36.0,2022,30,forecast_futuro,27.44333333333333,14.433333333333334,5.190476190472964,5.0,proyeccion_tendencial_grupo,
2052,ANTIOQUIA,MOTOCICLETA,,3.3000000000000003,3.8,31.666666666666668,2022,30,forecast_futuro,35.053333333333335,34.21666666666667,0.0,0.0,proyeccion_tendencial_grupo,
2052,ANTIOQUIA,TRICIMOTO,,4.7,2.7,29.0,2022,30,forecast_futuro,28.22,13.533333333333333,1.3333333333371327,1.0,proyeccion_tendencial_grupo,
2052,ARAUCA,MOTOCICLETA,,3.3000000000000003,3.233333333333333,35.666666666666664,2022,30,forecast_futuro,1.2533333333333334,1.74,3.0,3.0,proyeccion_tendencial_grupo,
2052,"ARCHIPIELAGO DE SAN ANDRES, PROVIDENCIA",AUTOMOVIL,,75.6,116.5,177.0,2022,30,forecast_futuro,3.22,3.21,1.0,1.0,proyeccion_tendencial_grupo,
2052,"ARCHIPIELAGO DE SAN ANDRES, PROVIDENCIA",CAMIONETA,,744.8333333333334,641.0,1106.6666666666667,2022,30,forecast_futuro,2.47,3.01,3.0,3.0,proyeccion_tendencial_grupo,
2052,ATLANTICO,AUTOMOVIL,,42.5,64.2,137.0,2022,30,forecast_futuro,3.3266666666666667,4.25,4.358255451713774,4.0,proyeccion_tendencial_grupo,
2052,ATLANTICO,CAMIONETA,,686.5,572.6,1106.5,2022,30,forecast_futuro,4.42,3.283333333333333,0.0,0.0,proyeccion_tendencial_grupo,
2052,ATLANTICO,MOTOCARRO,,3.0666666666666664,3.4666666666666663,34.666666666666664,2022,30,forecast_futuro,7.523333333333333,11.286666666666667,3.0,3.0,proyeccion_tendencial_grupo,
2052,ATLANTICO,MOTOCICLETA,,4.6,2.3,37.0,2022,30,forecast_futuro,2.05,1.2166666666666666,0.999999999999998,1.0,proyeccion_tendencial_grupo,
2052,ATLANTICO,TRICIMOTO,,5.0,2.6,32.0,2022,30,forecast_futuro,2.54,2.41,0.0,0.0,proyeccion_tendencial_grupo,
2052,BOGOTA D.C.,AUTOMOVIL,,64.19907407407408,154.63425925925927,142.4351851851852,2022,30,forecast_futuro,219.79,223.41666666666666,819.0659340658822,819.0,proyeccion_tendencial_grupo,
2052,BOGOTA D.C.,BUS,,347.5259927797834,261.82960288808664,1151.1624548736463,2022,30,forecast_futuro,152.05333333333334,234.83333333333334,1898.3437500002183,1898.0,proyeccion_tendencial_grupo,
2052,BOGOTA D.C.,CAMIONETA,,715.7865853658536,586.7682926829268,1167.939024390244,2022,30,forecast_futuro,110.60333333333334,121.48,325.5452920142561,326.0,proyeccion_tendencial_grupo,
2052,BOGOTA D.C.,CUADRICICLO,,63.022222222222226,134.17777777777778,144.05555555555554,2022,30,forecast_futuro,70.89666666666666,118.44333333333333,87.66666666666151,88.0,proyeccion_tendencial_grupo,
2052,BOGOTA D.C.,MOTOCARRO,,3.65,3.4000000000000004,28.5,2022,30,forecast_futuro,22.0,16.893333333333334,2.9032258064514878,3.0,proyeccion_tendencial_grupo,
2052,BOGOTA D.C.,MOTOCICLETA,,4.15,3.275,31.75,2022,30,forecast_futuro,39.72666666666667,37.473333333333336,0.0,0.0,proyeccion_tendencial_grupo,
2052,BOGOTA D.C.,MOTOTRICICLO,,4.800000000000001,3.65,28.5,2022,30,forecast_futuro,39.28333333333333,18.643333333333334,6.571428571428498,7.0,proyeccion_tendencial_grupo,
2052,BOGOTA D.C.,TRICIMOTO,,2.975,3.675,30.0,2022,30,forecast_futuro,29.63,15.306666666666667,50.49999999998818,50.0,proyeccion_tendencial_grupo,
2052,BOLIVAR,AUTOMOVIL,,56.74444444444444,165.64444444444445,145.44444444444446,2022,30,forecast_futuro,6.673333333333333,7.163333333333333,28.439560439559273,28.0,proyeccion_tendencial_grupo,
2052,BOLIVAR,BUS,,271.56666666666666,303.3,1168.0,2022,30,forecast_futuro,4.71,6.48,3.0,3.0,proyeccion_tendencial_grupo,
2052,BOLIVAR,CAMIONETA,,590.55,505.55,1407.5,2022,30,forecast_futuro,1.7833333333333334,2.763333333333333,32.000000000020464,32.0,proyeccion_tendencial_grupo,
2052,BOLIVAR,CUADRICICLO,,66.7,115.66666666666669,152.0,2022,30,forecast_futuro,2.5433333333333334,4.153333333333333,3.0,3.0,proyeccion_tendencial_grupo,
2052,BOLIVAR,MOTOCICLETA,,2.1,4.0,26.0,2022,30,forecast_futuro,1.8733333333333333,2.2733333333333334,0.0,0.0,proyeccion_tendencial_grupo,
2052,BOLIVAR,TRICIMOTO,,4.1,3.4,29.0,2022,30,forecast_futuro,1.6266666666666667,2.3,1.0000000000000004,1.0,proyeccion_tendencial_grupo,
2052,BOYACA,AUTOMOVIL,,55.3,230.6,123.0,2022,30,forecast_futuro,3.19,3.5233333333333334,1.0000000000000002,1.0,proyeccion_tendencial_grupo,
2052,BOYACA,CAMIONETA,,743.4,699.7,1339.0,2022,30,forecast_futuro,1.7533333333333334,3.32,1.0,1.0,proyeccion_tendencial_grupo,
2052,BOYACA,CUADRICICLO,,64.05000000000001,215.8,155.5,2022,30,forecast_futuro,1.99,2.7066666666666666,2.0,2.0,proyeccion_tendencial_grupo,
2052,BOYACA,TRICIMOTO,,3.55,3.25,33.5,2022,30,forecast_futuro,1.66,3.82,2.0,2.0,proyeccion_tendencial_grupo,
2052,CALDAS,AUTOMOVIL,,66.42,151.44,148.4,2022,30,forecast_futuro,4.36,5.263333333333334,0.0,0.0,proyeccion_tendencial_grupo,
2052,CALDAS,BUS,,331.9,222.4,1276.0,2022,30,forecast_futuro,4.45,5.343333333333334,1.0,1.0,proyeccion_tendencial_grupo,
2052,CALDAS,CAMIONETA,,653.0,460.8,956.0,2022,30,forecast_futuro,1.9733333333333334,1.68,0.0,0.0,proyeccion_tendencial_grupo,
2052,CALDAS,CUADRICICLO,,68.225,119.975,148.75,2022,30,forecast_futuro,3.1433333333333335,3.6666666666666665,28.500000000000227,29.0,proyeccion_tendencial_grupo,
2052,CALDAS,MOTOCICLETA,,3.25,3.55,33.5,2022,30,forecast_futuro,2.16,3.51,4.307692307695646,4.0,proyeccion_tendencial_grupo,
2052,CALDAS,TRICIMOTO,,2.3,3.2,36.0,2022,30,forecast_futuro,1.8333333333333333,1.2966666666666666,1.0,1.0,proyeccion_tendencial_grupo,
2052,CAQUETA,MOTOCICLETA,,3.5,3.685714285714286,33.42857142857143,2022,30,forecast_futuro,1.47,4.48,85.85714285713857,86.0,proyeccion_tendencial_grupo,
2052,CASANARE,AUTOMOVIL,,71.05,189.15,136.5,2022,30,forecast_futuro,2.6666666666666665,3.223333333333333,2.0,2.0,proyeccion_tendencial_grupo,
2052,CASANARE,MOTOCICLETA,,4.6,2.9,30.0,2022,30,forecast_futuro,1.2666666666666666,1.4333333333333333,0.0,0.0,proyeccion_tendencial_grupo,
2052,CASANARE,TRICIMOTO,,4.8,4.0,35.0,2022,30,forecast_futuro,1.1633333333333333,1.48,1.0,1.0,proyeccion_tendencial_grupo,
2052,CAUCA,AUTOMOVIL,,65.7,164.4,129.0,2022,30,forecast_futuro,3.1666666666666665,4.903333333333333,1.0,1.0,proyeccion_tendencial_grupo,
2052,CAUCA,CAMIONETA,,673.8846153846154,578.4769230769231,1148.3076923076924,2022,30,forecast_futuro,1.42,3.34,140.7142857142553,141.0,proyeccion_tendencial_grupo,
2052,CAUCA,CUADRICICLO,,48.0,191.2,121.0,2022,30,forecast_futuro,1.6866666666666668,2.03,1.0,1.0,proyeccion_tendencial_grupo,
2052,CAUCA,MOTOCICLETA,,2.7,4.8,33.0,2022,30,forecast_futuro,1.2233333333333334,1.57,0.0,0.0,proyeccion_tendencial_grupo,
2052,CAUCA,TRICIMOTO,,4.8,2.4,35.0,2022,30,forecast_futuro,1.0833333333333333,1.0433333333333332,1.0,1.0,proyeccion_tendencial_grupo,
2052,CESAR,MOTOCICLETA,,3.75,4.4,36.0,2022,30,forecast_futuro,1.34,1.8533333333333333,2.0,2.0,proyeccion_tendencial_grupo,
2052,CHOCO,MOTOCICLETA,,3.65,4.4,34.5,2022,30,forecast_futuro,1.2633333333333334,1.7766666666666666,0.0,0.0,proyeccion_tendencial_grupo,
2052,CORDOBA,BUS,,329.0,291.47499999999997,1084.0833333333333,2022,30,forecast_futuro,7.206666666666667,7.553333333333334,12.0,12.0,proyeccion_tendencial_grupo,
2052,CORDOBA,MOTOCICLETA,,4.1,4.9,28.0,2022,30,forecast_futuro,1.9233333333333333,2.1233333333333335,0.0,0.0,proyeccion_tendencial_grupo,
2052,CORDOBA,TRICIMOTO,,4.0,3.8,37.0,2022,30,forecast_futuro,2.183333333333333,1.9966666666666666,1.0,1.0,proyeccion_tendencial_grupo,
2052,CUNDINAMARCA,AUTOMOVIL,,58.766666666666666,143.7133333333333,143.73333333333332,2022,30,forecast_futuro,43.76,30.726666666666667,192.90476190478512,193.0,proyeccion_tendencial_grupo,
2052,CUNDINAMARCA,BUS,,348.2,310.2,1087.0,2022,30,forecast_futuro,15.18,29.94,1.0,1.0,proyeccion_tendencial_grupo,
2052,CUNDINAMARCA,CAMION,,618.15,630.0,1222.0,2022,30,forecast_futuro,29.046666666666667,34.43,0.0,0.0,proyeccion_tendencial_grupo,
2052,CUNDINAMARCA,CAMIONETA,,665.7962962962963,533.6740740740742,1139.037037037037,2022,30,forecast_futuro,50.18,40.156666666666666,105.55345911950735,106.0,proyeccion_tendencial_grupo,
2052,CUNDINAMARCA,CUADRICICLO,,61.3,221.1,149.0,2022,30,forecast_futuro,20.623333333333335,23.026666666666667,73.19047619047069,73.0,proyeccion_tendencial_grupo,
2052,CUNDINAMARCA,CUATRIMOTO,,3.6,4.7,37.0,2022,30,forecast_futuro,15.72,14.943333333333333,1.0,1.0,proyeccion_tendencial_grupo,
2052,CUNDINAMARCA,MICROBUS,,381.4,231.75,1084.0,2022,30,forecast_futuro,15.72,29.236666666666668,2.0,2.0,proyeccion_tendencial_grupo,
2052,CUNDINAMARCA,MOTOCARRO,,3.266666666666667,3.3000000000000003,33.0,2022,30,forecast_futuro,66.87,54.49,0.0,0.0,proyeccion_tendencial_grupo,
2052,CUNDINAMARCA,MOTOCICLETA,,3.7,2.8,32.0,2022,30,forecast_futuro,11.21,9.473333333333333,7.784437434279624,8.0,proyeccion_tendencial_grupo,
2052,CUNDINAMARCA,MOTOTRICICLO,,3.142857142857143,4.128571428571428,32.0,2022,30,forecast_futuro,12.03,11.036666666666667,100.00000000001546,100.0,proyeccion_tendencial_grupo,
2052,CUNDINAMARCA,TRACTOCAMION,,836.6,528.6,1047.0,2022,30,forecast_futuro,15.72,35.876666666666665,1.0,1.0,proyeccion_tendencial_grupo,
2052,CUNDINAMARCA,TRICIMOTO,,4.5,2.8,36.0,2022,30,forecast_futuro,11.62,12.446666666666667,8.714285714287882,9.0,proyeccion_tendencial_grupo,
2052,GUAINIA,TRICIMOTO,,3.65,3.75,34.5,2022,30,forecast_futuro,1.6666666666666667,2.2533333333333334,2.0,2.0,proyeccion_tendencial_grupo,
2052,HUILA,AUTOMOVIL,,45.55,117.8,152.0,2022,30,forecast_futuro,2.6766666666666667,3.3033333333333332,3.677419354837653,4.0,proyeccion_tendencial_grupo,
2052,HUILA,CAMIONETA,,675.9,431.6,948.0,2022,30,forecast_futuro,1.3333333333333333,1.5733333333333333,1.0,1.0,proyeccion_tendencial_grupo,
2052,HUILA,CUADRICICLO,,51.5,201.1,157.0,2022,30,forecast_futuro,1.41,1.6566666666666667,1.0,1.0,proyeccion_tendencial_grupo,
2052,HUILA,MOTOCARRO,,4.0,3.3,33.0,2022,30,forecast_futuro,5.573333333333333,8.073333333333334,1.0,1.0,proyeccion_tendencial_grupo,
2052,HUILA,MOTOCICLETA,,4.2,2.7,40.0,2022,30,forecast_futuro,1.22,1.13,0.0,0.0,proyeccion_tendencial_grupo,
2052,HUILA,TRICIMOTO,,2.6,3.8,37.0,2022,30,forecast_futuro,1.0466666666666666,1.7733333333333334,0.9999999999999999,1.0,proyeccion_tendencial_grupo,
2052,MAGDALENA,AUTOMOVIL,,42.2,218.7,150.0,2022,30,forecast_futuro,3.1666666666666665,2.4466666666666668,1.0,1.0,proyeccion_tendencial_grupo,
2052,MAGDALENA,MOTOCICLETA,,4.3,4.4,28.0,2022,30,forecast_futuro,1.2233333333333334,1.7533333333333334,1.0,1.0,proyeccion_tendencial_grupo,
2052,MAGDALENA,TRICIMOTO,,4.8,5.0,35.0,2022,30,forecast_futuro,1.0866666666666667,1.31,1.0,1.0,proyeccion_tendencial_grupo,
2052,META,AUTOMOVIL,,65.97857142857143,139.45000000000002,141.64285714285714,2022,30,forecast_futuro,10.096666666666666,10.773333333333333,78.57142857142298,79.0,proyeccion_tendencial_grupo,
2052,META,CAMIONETA,,659.3,463.8,1099.0,2022,30,forecast_futuro,3.53,2.63,0.9999999999999978,1.0,proyeccion_tendencial_grupo,
2052,META,CUADRICICLO,,43.4,201.3,159.0,2022,30,forecast_futuro,4.73,3.1566666666666667,0.9999999999999986,1.0,proyeccion_tendencial_grupo,
2052,META,MOTOCARRO,,4.2,3.3,33.0,2022,30,forecast_futuro,8.586666666666666,9.176666666666666,1.0,1.0,proyeccion_tendencial_grupo,
2052,META,MOTOCICLETA,,2.8,2.3,39.0,2022,30,forecast_futuro,4.3933333333333335,2.3866666666666667,1.5000000000006253,2.0,proyeccion_tendencial_grupo,
2052,NARINO,CAMIONETA,,672.85,624.4,1079.5,2022,30,forecast_futuro,1.8933333333333333,1.9466666666666668,2.0,2.0,proyeccion_tendencial_grupo,
2052,NARINO,MOTOCICLETA,,3.5,2.2,35.0,2022,30,forecast_futuro,1.6,2.0833333333333335,1.0,1.0,proyeccion_tendencial_grupo,
2052,NORTE DE SANTANDER,AUTOMOVIL,,52.0,229.5,169.0,2022,30,forecast_futuro,3.88,3.0233333333333334,8.499999999999545,8.0,proyeccion_tendencial_grupo,
2052,NORTE DE SANTANDER,CAMIONETA,,658.3571428571429,674.6428571428571,1131.857142857143,2022,30,forecast_futuro,4.86,5.223333333333334,69.0000000000091,69.0,proyeccion_tendencial_grupo,
2052,NORTE DE SANTANDER,CUADRICICLO,,54.25,104.8,150.0,2022,30,forecast_futuro,2.53,2.48,2.0,2.0,proyeccion_tendencial_grupo,
2052,NORTE DE SANTANDER,MOTOCICLETA,,4.8,3.3,31.0,2022,30,forecast_futuro,2.5533333333333332,1.79,0.0,0.0,proyeccion_tendencial_grupo,
2052,NORTE DE SANTANDER,TRICIMOTO,,2.2,3.4,26.0,2022,30,forecast_futuro,1.71,1.9666666666666666,1.0,1.0,proyeccion_tendencial_grupo,
2052,QUINDIO,AUTOMOVIL,,60.5,54.4,177.0,2022,30,forecast_futuro,3.1933333333333334,3.98,0.0,0.0,proyeccion_tendencial_grupo,
2052,QUINDIO,CAMIONETA,,724.5,442.4,1347.0,2022,30,forecast_futuro,1.4533333333333334,3.473333333333333,1.0,1.0,proyeccion_tendencial_grupo,
2052,QUINDIO,CUADRICICLO,,60.2,131.26666666666668,145.33333333333334,2022,30,forecast_futuro,1.9133333333333333,4.153333333333333,66.9999999999909,67.0,proyeccion_tendencial_grupo,
2052,RISARALDA,AUTOMOVIL,,63.3,191.5,139.0,2022,30,forecast_futuro,3.683333333333333,4.823333333333333,0.3904109589038427,0.0,proyeccion_tendencial_grupo,
2052,RISARALDA,CAMIONETA,,842.7,544.1,1195.0,2022,30,forecast_futuro,1.36,4.753333333333333,0.9999999999999999,1.0,proyeccion_tendencial_grupo,
2052,RISARALDA,CUADRICICLO,,57.75,155.9,151.0,2022,30,forecast_futuro,2.0033333333333334,2.84,4.2307692307691696,4.0,proyeccion_tendencial_grupo,
2052,RISARALDA,MOTOCICLETA,,4.3,2.35,32.5,2022,30,forecast_futuro,1.5666666666666667,2.3666666666666667,0.0,0.0,proyeccion_tendencial_grupo,
2052,SANTANDER,AUTOMOVIL,,42.9,161.9,177.0,2022,30,forecast_futuro,21.366666666666667,16.043333333333333,56.34420289854552,56.0,proyeccion_tendencial_grupo,
2052,SANTANDER,CAMION,,825.0,594.7,933.0,2022,30,forecast_futuro,4.8533333333333335,6.123333333333333,0.9999999999999978,1.0,proyeccion_tendencial_grupo,
2052,SANTANDER,CAMIONETA,,677.5736842105263,553.4421052631578,1125.4736842105262,2022,30,forecast_futuro,9.283333333333333,8.293333333333333,186.1428571428769,186.0,proyeccion_tendencial_grupo,
2052,SANTANDER,CUADRICICLO,,71.9,124.5,131.0,2022,30,forecast_futuro,10.286666666666667,13.073333333333334,23.00000000000182,23.0,proyeccion_tendencial_grupo,
2052,SANTANDER,MICROBUS,,314.09999999999997,234.76666666666665,1154.0,2022,30,forecast_futuro,9.54,9.196666666666667,3.0,3.0,proyeccion_tendencial_grupo,
2052,SANTANDER,MOTOCICLETA,,3.6666666666666665,2.533333333333333,34.666666666666664,2022,30,forecast_futuro,13.06,13.413333333333334,150.28571428571286,150.0,proyeccion_tendencial_grupo,
2052,SANTANDER,TRICIMOTO,,3.0,3.4,26.0,2022,30,forecast_futuro,9.236666666666666,10.883333333333333,1.0000000000000036,1.0,proyeccion_tendencial_grupo,
2052,TOLIMA,AUTOMOVIL,,53.1,188.0,111.0,2022,30,forecast_futuro,3.1633333333333336,3.2533333333333334,0.0,0.0,proyeccion_tendencial_grupo,
2052,TOLIMA,CAMIONETA,,778.3,710.2,1196.0,2022,30,forecast_futuro,1.4533333333333334,3.7533333333333334,1.0,1.0,proyeccion_tendencial_grupo,
2052,TOLIMA,MOTOCICLETA,,3.466666666666667,3.8,34.333333333333336,2022,30,forecast_futuro,1.2933333333333332,2.67,3.0,3.0,proyeccion_tendencial_grupo,
2052,VALLE DEL CAUCA,AUTOMOVIL,,61.65,73.1,112.0,2022,30,forecast_futuro,13.576666666666666,13.433333333333334,24.55674232309775,25.0,proyeccion_tendencial_grupo,
2052,VALLE DEL CAUCA,BUS,,306.4,262.7,1122.0,2022,30,forecast_futuro,5.16,9.526666666666667,0.0,0.0,proyeccion_tendencial_grupo,
2052,VALLE DEL CAUCA,CAMION,,640.3,654.3,1105.0,2022,30,forecast_futuro,2.84,4.23,0.0,0.0,proyeccion_tendencial_grupo,
2052,VALLE DEL CAUCA,CAMIONETA,,685.1142857142858,613.5857142857143,1105.571428571429,2022,30,forecast_futuro,10.5,8.066666666666666,28.688311688310478,29.0,proyeccion_tendencial_grupo,
2052,VALLE DEL CAUCA,CUADRICICLO,,61.85,139.85,144.5,2022,30,forecast_futuro,5.9,8.363333333333333,35.333333333330984,35.0,proyeccion_tendencial_grupo,
2052,VALLE DEL CAUCA,CUATRIMOTO,,3.7,2.0,32.0,2022,30,forecast_futuro,3.763333333333333,9.693333333333333,1.0,1.0,proyeccion_tendencial_grupo,
2052,VALLE DEL CAUCA,MICROBUS,,307.3,323.7,1151.0,2022,30,forecast_futuro,2.6,3.486666666666667,1.0,1.0,proyeccion_tendencial_grupo,
2052,VALLE DEL CAUCA,MOTOCARRO,,3.7,3.1,31.0,2022,30,forecast_futuro,9.086666666666666,14.373333333333333,16.17857142857065,16.0,proyeccion_tendencial_grupo,
2052,VALLE DEL CAUCA,MOTOCICLETA,,2.1,2.5,29.0,2022,30,forecast_futuro,2.5766666666666667,7.246666666666667,0.0,0.0,proyeccion_tendencial_grupo,
2052,VALLE DEL CAUCA,MOTOTRICICLO,,2.1,4.9,35.0,2022,30,forecast_futuro,2.513333333333333,4.36,0.999999999999998,1.0,proyeccion_tendencial_grupo,
2052,VALLE DEL CAUCA,TRICIMOTO,,2.55,3.275,29.0,2022,30,forecast_futuro,38.236666666666665,19.373333333333335,17.200000000069565,17.0,proyeccion_tendencial_grupo,
